datetime,temp,dew,humidity,precip,precipprob,preciptype,snow,snowdepth,windspeed,winddir,sealevelpressure,cloudcover,solarradiation,solarenergy,uvindex
2020-01-29T00:00:00,3.1,0.4,82.54,0.0,0.0,,,,6.6,3.0,1004.8,85.4,0.0,0.0,0.0
2020-01-29T01:00:00,2.7,0.1,83.12,0.0,0.0,,,,6.4,267.0,1005.3,20.9,0.0,0.0,0.0
2020-01-29T02:00:00,2.9,0.5,84.28,0.0,0.0,,,,9.7,252.0,1006.0,63.4,0.0,0.0,0.0
2020-01-29T03:00:00,2.0,-0.4,84.28,0.0,0.0,,,,6.7,221.0,1006.4,10.0,0.0,0.0,0.0
2020-01-29T04:00:00,3.0,0.7,84.93,0.0,0.0,,,,17.7,259.0,1006.8,10.0,0.0,0.0,0.0
2020-01-29T05:00:00,3.6,0.6,80.78,0.0,0.0,,,,15.2,268.0,1007.6,35.8,0.0,0.0,0.0
2020-01-29T06:00:00,3.3,0.9,84.2,0.0,0.0,,,,14.7,259.0,1008.1,53.1,0.0,0.0,0.0
2020-01-29T07:00:00,3.2,0.7,84.06,0.0,0.0,,,,16.9,259.0,1008.9,52.5,5.8,0.0,0.0
2020-01-29T08:00:00,2.7,0.7,86.86,0.0,0.0,,,,12.7,259.0,1009.7,40.0,10.0,0.0,0.0
2020-01-29T09:00:00,3.2,1.3,86.98,0.0,0.0,,,,11.9,252.0,1010.8,69.1,48.0,0.2,0.0
2020-01-29T10:00:00,5.1,2.3,82.6,0.0,0.0,,,,15.1,260.0,1011.4,10.0,142.0,0.5,1.0
2020-01-29T11:00:00,7.4,3.7,77.42,0.0,0.0,,,,14.6,253.0,1012.2,10.0,263.0,0.9,3.0
2020-01-29T12:00:00,8.5,3.7,71.79,0.0,0.0,,,,23.0,260.0,1012.0,10.0,312.0,1.1,3.0
2020-01-29T13:00:00,8.8,3.4,68.94,0.0,0.0,,,,27.2,260.0,1012.0,25.9,261.0,0.9,3.0
2020-01-29T14:00:00,9.5,3.9,67.88,0.0,0.0,,,,26.5,239.0,1011.7,37.5,249.0,0.9,2.0
2020-01-29T15:00:00,9.0,4.5,73.03,0.0,0.0,,,,27.9,245.0,1012.0,25.7,110.0,0.4,1.0
2020-01-29T16:00:00,8.3,4.7,77.98,0.0,0.0,,,,22.7,244.0,1012.2,23.4,41.0,0.1,0.0
2020-01-29T17:00:00,7.6,4.8,82.38,0.0,0.0,,,,21.7,240.0,1012.2,68.0,5.0,0.0,0.0
2020-01-29T18:00:00,7.2,5.6,89.59,0.0,0.0,,,,14.4,223.0,1012.5,25.8,0.0,0.0,0.0
2020-01-29T19:00:00,7.3,5.7,89.43,0.0,0.0,,,,16.6,223.0,1012.5,96.8,0.0,0.0,0.0
2020-01-29T20:00:00,7.6,6.0,89.09,0.0,0.0,,,,17.0,229.0,1012.8,26.3,0.0,0.0,0.0
2020-01-29T21:00:00,8.1,6.5,89.3,0.0,0.0,,,,20.2,230.0,1012.7,44.6,0.0,0.0,0.0
2020-01-29T22:00:00,8.4,7.0,90.94,0.0,0.0,,,,20.7,223.0,1012.5,71.8,0.0,0.0,0.0
2020-01-29T23:00:00,8.4,7.1,91.21,0.0,0.0,,,,19.2,208.0,1012.3,86.6,0.0,0.0,0.0
2020-01-30T00:00:00,8.4,6.8,89.48,0.0,0.0,,,,20.7,207.0,1011.9,62.8,0.0,0.0,0.0
2020-01-30T01:00:00,8.5,6.9,90.11,0.0,0.0,,,,21.6,206.0,1011.5,60.6,0.0,0.0,0.0
2020-01-30T02:00:00,8.1,6.9,92.14,0.0,0.0,,,,19.0,207.0,1010.9,58.1,0.0,0.0,0.0
2020-01-30T03:00:00,8.4,7.4,93.15,0.0,0.0,,,,20.2,214.0,1010.3,60.2,0.0,0.0,0.0
2020-01-30T04:00:00,8.5,7.6,94.14,0.0,0.0,,,,21.8,203.0,1009.3,90.0,0.0,0.0,0.0
2020-01-30T05:00:00,8.7,7.6,92.54,0.0,0.0,,,,17.2,187.0,1008.2,83.5,0.0,0.0,0.0
2020-01-30T06:00:00,8.5,7.5,93.65,0.0,0.0,,,,16.0,184.0,1007.3,89.1,0.0,0.0,0.0
2020-01-30T07:00:00,8.5,7.7,94.79,0.0,0.0,,,,15.8,184.0,1006.9,96.4,2.5,0.0,0.0
2020-01-30T08:00:00,8.4,8.1,97.91,0.0,0.0,,,,16.5,172.0,1006.0,100.0,2.0,0.0,0.0
2020-01-30T09:00:00,8.5,8.2,97.88,0.0,0.0,,,,19.8,164.0,1005.5,100.0,12.0,0.0,0.0
2020-01-30T10:00:00,8.8,8.5,97.67,0.0,0.0,,,,17.5,165.0,1004.5,100.0,21.0,0.1,0.0
2020-01-30T11:00:00,9.1,8.9,99.1,0.0,0.0,,,,20.7,177.0,1003.5,100.0,34.0,0.1,0.0
2020-01-30T12:00:00,9.9,9.7,98.68,0.948,100.0,rain,,,20.9,203.0,1003.0,99.2,43.0,0.2,0.0
2020-01-30T13:00:00,10.2,10.2,99.88,0.0,0.0,,,,24.8,221.0,1002.2,87.3,45.0,0.2,0.0
2020-01-30T14:00:00,10.3,10.3,99.58,0.0,0.0,,,,24.4,224.0,1001.6,99.2,42.0,0.2,0.0
2020-01-30T15:00:00,10.4,10.8,100.0,0.0,0.0,,,,26.3,233.0,1001.1,100.0,37.0,0.1,0.0
2020-01-30T16:00:00,10.3,10.2,99.38,0.0,0.0,,,,27.5,241.0,1002.0,100.0,19.0,0.1,0.0
2020-01-30T17:00:00,10.3,10.2,99.37,0.0,0.0,,,,30.5,243.0,1002.4,97.9,4.0,0.0,0.0
2020-01-30T18:00:00,10.2,10.1,99.31,0.246,100.0,rain,,,27.1,241.0,1003.0,96.5,0.0,0.0,0.0
2020-01-30T19:00:00,10.3,10.1,98.83,0.0,0.0,,,,26.2,234.0,1003.7,99.2,0.0,0.0,0.0
2020-01-30T20:00:00,10.2,9.9,98.28,0.0,0.0,,,,23.8,234.0,1004.1,94.8,0.0,0.0,0.0
2020-01-30T21:00:00,9.8,9.6,98.5,0.0,0.0,,,,27.5,234.0,1004.4,92.2,0.0,0.0,0.0
2020-01-30T22:00:00,9.8,9.6,98.15,0.0,0.0,,,,31.1,243.0,1005.4,94.8,0.0,0.0,0.0
2020-01-30T23:00:00,9.4,9.2,98.55,0.0,0.0,,,,21.3,235.0,1006.3,96.2,0.0,0.0,0.0
2020-01-31T00:00:00,9.6,9.2,97.47,0.018,100.0,rain,,,26.2,244.0,1006.8,90.6,0.0,0.0,0.0
2020-01-31T01:00:00,9.5,9.0,96.67,0.0,0.0,,,,21.8,241.0,1007.5,93.6,0.0,0.0,0.0
2020-01-31T02:00:00,9.1,,96.29,0.0,0.0,,,,27.1,243.0,1007.8,90.2,0.0,0.0,0.0
2020-01-31T03:00:00,9.1,8.4,95.91,0.0,0.0,,,,22.7,243.0,1008.4,68.3,0.0,,0.0
2020-01-31T04:00:00,9.0,8.3,95.46,0.0,0.0,,,,25.4,242.0,1008.4,80.2,0.0,0.0,0.0
2020-01-31T05:00:00,8.9,8.4,96.79,0.0,0.0,,,,21.9,234.0,1009.1,92.3,0.0,0.0,0.0
2020-01-31T06:00:00,8.6,8.5,98.8,0.0,0.0,,,,19.1,232.0,1009.4,100.0,0.0,0.0,0.0
2020-01-31T07:00:00,9.0,8.8,98.74,0.0,0.0,,,,21.9,232.0,1009.5,100.0,2.5,0.0,0.0
2020-01-31T08:00:00,9.0,8.9,99.34,0.0,0.0,,,,20.8,231.0,1009.6,100.0,7.0,0.0,0.0
2020-01-31T09:00:00,9.4,9.2,98.56,0.0,0.0,,,,25.5,231.0,1010.0,100.0,29.0,,0.0
2020-01-31T10:00:00,9.5,9.3,98.37,0.0,0.0,,,,25.3,229.0,1010.1,100.0,53.0,0.2,1.0
2020-01-31T11:00:00,9.7,9.5,98.8,0.0,0.0,,,,30.1,221.0,1010.0,100.0,88.0,0.3,1.0
2020-01-31T12:00:00,9.6,9.3,97.86,0.315,100.0,rain,,,27.8,222.0,1009.9,99.2,59.0,0.2,1.0
2020-01-31T13:00:00,9.7,9.5,99.02,0.0,0.0,,,,26.0,216.0,1009.1,98.6,40.0,0.1,0.0
2020-01-31T14:00:00,10.0,9.6,97.03,0.0,0.0,,,,22.7,214.0,1008.5,99.2,39.0,0.1,0.0
2020-01-31T15:00:00,9.7,9.2,96.58,0.0,0.0,,,,26.6,215.0,1007.8,100.0,19.0,0.1,
2020-01-31T16:00:00,10.1,9.4,95.47,0.0,0.0,,,,25.2,214.0,1007.6,100.0,13.0,0.0,0.0
2020-01-31T17:00:00,10.2,9.4,95.01,0.0,0.0,,,,25.2,214.0,1007.3,98.7,6.0,0.0,0.0
2020-01-31T18:00:00,10.2,9.7,96.98,0.05,100.0,rain,,,24.1,213.0,1006.3,98.3,0.0,0.0,0.0
2020-01-31T19:00:00,10.5,9.9,95.8,0.0,0.0,,,,26.5,205.0,1005.7,95.4,0.0,0.0,0.0
2020-01-31T20:00:00,10.6,9.9,95.7,0.0,0.0,,,,27.5,221.0,1005.7,92.3,0.0,0.0,0.0
2020-01-31T21:00:00,10.3,10.1,98.75,0.0,0.0,,,,24.7,214.0,1005.3,95.8,0.0,0.0,0.0
2020-01-31T22:00:00,10.6,10.2,97.5,0.0,0.0,,,,26.0,223.0,1005.2,97.9,0.0,0.0,0.0
2020-01-31T23:00:00,10.3,10.2,99.4,0.0,0.0,,,,26.2,214.0,1004.4,97.8,0.0,0.0,0.0
2020-02-01T00:00:00,10.6,10.4,98.53,1.21,100.0,rain,,,22.0,223.0,1004.0,90.6,0.0,0.0,0.0
2020-02-01T01:00:00,10.3,10.2,99.45,0.0,0.0,,,,24.9,225.0,1004.0,89.7,0.0,0.0,0.0
2020-02-01T02:00:00,10.2,10.1,98.88,0.0,0.0,,,,22.3,225.0,1003.6,87.0,0.0,0.0,0.0
2020-02-01T03:00:00,10.1,9.9,98.68,0.0,0.0,,,,24.1,234.0,1003.4,88.2,0.0,0.0,0.0
2020-02-01T04:00:00,9.9,9.5,97.29,0.0,0.0,,,,19.1,233.0,1003.1,89.3,0.0,0.0,0.0
2020-02-01T05:00:00,9.9,9.4,96.53,0.0,0.0,,,,22.2,233.0,1003.0,91.3,0.0,0.0,0.0
2020-02-01T06:00:00,9.6,9.2,97.4,0.0,0.0,,,,23.2,240.0,1003.1,90.6,0.0,0.0,0.0
2020-02-01T07:00:00,9.6,9.2,96.98,0.0,0.0,,,,18.1,234.0,1003.2,77.1,3.1,0.0,0.0
2020-02-01T08:00:00,10.0,9.1,94.1,0.0,0.0,,,,22.7,243.0,1003.7,65.7,15.0,0.1,0.0
2020-02-01T09:00:00,10.0,8.9,93.25,0.0,0.0,,,,23.9,243.0,1004.0,57.3,37.0,0.1,0.0
2020-02-01T10:00:00,10.4,9.2,91.91,0.0,0.0,,,,27.2,244.0,1004.9,64.8,175.0,0.6,2.0
2020-02-01T11:00:00,10.9,8.5,85.24,0.0,0.0,,,,25.8,236.0,1005.6,56.6,306.0,1.1,3.0
2020-02-01T12:00:00,11.4,6.9,73.59,0.0,0.0,,,,33.6,252.0,1005.9,57.4,253.0,0.9,3.0
2020-02-01T13:00:00,11.4,7.2,75.06,0.0,0.0,,,,30.3,238.0,1005.8,70.0,332.0,1.2,3.0
2020-02-01T14:00:00,10.6,6.3,74.39,,0.0,,,,30.5,247.0,1006.2,66.3,197.0,0.7,2.0
2020-02-01T15:00:00,11.1,6.2,72.11,0.0,0.0,,,,29.6,247.0,1006.7,41.3,203.0,0.7,2.0
2020-02-01T16:00:00,10.1,5.7,74.28,0.0,0.0,,,,29.7,246.0,1007.4,48.5,108.0,0.4,1.0
2020-02-01T17:00:00,9.4,5.5,76.55,0.0,0.0,,,,18.8,244.0,1008.6,19.1,21.0,0.1,0.0
2020-02-01T18:00:00,8.6,5.4,80.6,0.0,0.0,,,,20.0,244.0,1009.3,96.4,0.0,0.0,0.0
2020-02-01T19:00:00,7.8,3.9,76.45,0.0,0.0,,,,14.8,252.0,1010.3,97.9,0.0,0.0,0.0
2020-02-01T20:00:00,7.6,3.9,77.07,0.0,0.0,,,,14.0,244.0,1011.1,44.2,0.0,0.0,0.0
2020-02-01T21:00:00,7.4,3.9,78.2,0.0,0.0,,,,16.6,241.0,1011.5,95.8,0.0,0.0,0.0
2020-02-01T22:00:00,6.3,3.9,84.3,0.0,0.0,,,,13.4,257.0,1012.0,28.7,0.0,0.0,0.0
2020-02-01T23:00:00,6.9,4.5,84.71,0.0,0.0,,,,6.6,253.0,1011.9,74.0,0.0,0.0,0.0
2020-02-02T00:00:00,6.8,5.4,90.73,0.0,0.0,,,,4.8,190.0,1011.4,79.3,0.0,0.0,0.0
2020-02-02T01:00:00,7.8,6.7,92.71,0.0,0.0,,,,8.6,208.0,1010.8,92.2,0.0,0.0,0.0
2020-02-02T02:00:00,8.2,7.3,94.06,0.0,0.0,,,,6.9,169.0,1009.6,93.1,0.0,0.0,0.0
2020-02-02T03:00:00,8.2,7.8,97.45,0.0,0.0,,,,7.1,131.0,1008.4,88.6,0.0,0.0,0.0
2020-02-02T04:00:00,8.6,8.3,97.65,0.0,0.0,,,,11.9,125.0,1006.4,86.1,0.0,0.0,0.0
2020-02-02T05:00:00,9.5,9.5,99.64,0.0,0.0,,,,14.8,179.0,1005.3,85.4,0.0,0.0,0.0
2020-02-02T06:00:00,10.3,10.1,98.77,11.235,100.0,rain,,,24.6,201.0,1004.3,96.5,0.0,0.0,0.0
2020-02-02T07:00:00,10.7,10.6,99.67,0.0,0.0,,,,31.0,222.0,1004.0,89.9,1.2,0.0,0.0
2020-02-02T08:00:00,11.1,10.8,98.53,0.0,0.0,,,,26.8,240.0,1004.6,92.7,8.0,0.0,0.0
2020-02-02T09:00:00,11.1,10.8,98.1,0.0,0.0,,,,22.1,243.0,1005.6,92.3,29.0,0.1,0.0
2020-02-02T10:00:00,11.2,10.6,95.92,0.0,0.0,,,,24.7,245.0,1006.6,88.9,57.0,0.2,1.0
2020-02-02T11:00:00,11.7,10.5,92.73,0.0,0.0,,,,33.0,251.0,1008.2,83.4,181.0,0.7,2.0
2020-02-02T12:00:00,12.1,10.3,88.69,1.795,100.0,rain,,,31.2,246.0,1009.0,89.5,260.0,0.9,3.0
2020-02-02T13:00:00,12.2,10.0,86.35,0.0,0.0,,,,29.6,236.0,1008.8,81.1,270.0,1.0,3.0
2020-02-02T14:00:00,11.8,9.7,86.95,0.0,0.0,,,,28.1,237.0,1009.7,80.7,185.0,0.7,2.0
2020-02-02T15:00:00,11.2,9.3,88.02,0.0,0.0,,,,29.5,237.0,1010.3,89.7,62.0,0.2,1.0
2020-02-02T16:00:00,11.1,9.6,90.52,0.0,0.0,,,,24.5,241.0,1010.6,83.6,39.0,0.1,0.0
2020-02-02T17:00:00,10.7,9.5,92.47,0.0,0.0,,,,21.9,234.0,1011.1,86.6,7.0,0.0,0.0
2020-02-02T18:00:00,10.6,9.6,93.54,0.0,0.0,,,,21.4,240.0,1011.3,90.4,0.0,0.0,0.0
2020-02-02T19:00:00,10.6,9.7,94.14,0.0,0.0,,,,24.0,231.0,1011.2,96.5,0.0,0.0,0.0
2020-02-02T20:00:00,10.6,9.5,93.09,0.0,0.0,,,,26.3,235.0,1011.3,90.6,0.0,0.0,0.0
2020-02-02T21:00:00,10.5,9.0,90.74,0.0,0.0,,,,22.9,241.0,1011.5,84.8,0.0,0.0,0.0
2020-02-02T22:00:00,10.4,9.0,90.82,0.0,0.0,,,,24.3,241.0,1011.9,89.7,0.0,0.0,0.0
2020-02-02T23:00:00,10.4,9.1,91.67,0.0,0.0,,,,26.1,241.0,1012.0,90.2,0.0,0.0,0.0
2020-02-03T00:00:00,10.4,9.1,91.43,0.0,0.0,,,,26.0,242.0,1012.3,87.8,0.0,0.0,0.0
2020-02-03T01:00:00,10.1,8.9,92.25,0.0,0.0,,,,21.5,242.0,1012.4,80.3,0.0,0.0,0.0
2020-02-03T02:00:00,9.9,,91.22,0.0,0.0,,,,22.0,250.0,1012.7,79.9,0.0,0.0,0.0
2020-02-03T03:00:00,9.6,8.4,92.37,0.0,0.0,,,,22.3,250.0,1013.0,75.2,0.0,0.0,0.0
2020-02-03T04:00:00,9.6,8.2,90.83,0.0,0.0,,,,23.1,251.0,1013.2,75.6,0.0,0.0,0.0
2020-02-03T05:00:00,9.6,8.3,91.72,0.0,0.0,,,,26.4,251.0,1013.5,75.6,0.0,0.0,0.0
2020-02-03T06:00:00,9.5,7.9,90.15,0.0,0.0,,,,24.8,244.0,1014.0,60.6,0.0,0.0,0.0
2020-02-03T07:00:00,9.0,7.0,87.17,0.0,0.0,,,,24.1,251.0,1014.1,60.8,9.0,0.0,0.0
2020-02-03T08:00:00,9.0,7.3,89.22,0.0,0.0,,,,19.7,243.0,1015.0,51.6,13.0,0.0,0.0
2020-02-03T09:00:00,9.4,6.9,84.62,0.0,0.0,,,,17.1,243.0,1015.6,73.7,,0.2,0.0
2020-02-03T10:00:00,10.0,8.5,90.61,0.0,0.0,,,,21.8,242.0,1016.2,86.7,94.0,0.3,1.0
2020-02-03T11:00:00,10.9,8.8,86.7,0.0,0.0,,,,23.6,236.0,1016.1,74.1,226.0,0.8,2.0
2020-02-03T12:00:00,11.0,8.3,83.76,0.0,0.0,,,,23.6,229.0,1015.4,83.2,188.0,0.7,2.0
2020-02-03T13:00:00,10.7,8.6,87.27,0.0,0.0,,,,25.4,238.0,1014.7,84.5,218.0,0.8,2.0
2020-02-03T14:00:00,10.6,8.4,86.24,0.0,0.0,,,,20.8,232.0,1013.8,61.6,150.0,0.5,2.0
2020-02-03T15:00:00,10.1,8.1,87.65,0.0,0.0,,,,22.1,252.0,1013.3,70.8,50.0,0.2,1.0
2020-02-03T16:00:00,9.7,8.1,89.69,0.0,0.0,,,,,245.0,1012.5,87.7,27.0,0.1,0.0
2020-02-03T17:00:00,9.1,8.0,93.27,0.0,0.0,,,,12.6,287.0,1012.3,84.7,6.0,0.0,0.0
2020-02-03T18:00:00,7.9,5.7,86.28,2.128,100.0,rain,,,17.4,296.0,1012.3,80.2,0.0,0.0,0.0
2020-02-03T19:00:00,7.4,5.3,86.54,0.0,0.0,,,,12.2,259.0,1012.1,91.3,0.0,0.0,0.0
2020-02-03T20:00:00,7.3,4.4,81.89,0.0,0.0,,,,18.1,281.0,1012.6,87.0,0.0,0.0,0.0
2020-02-03T21:00:00,6.5,3.6,82.25,0.0,0.0,,,,15.6,283.0,1013.2,37.2,0.0,0.0,0.0
2020-02-03T22:00:00,5.6,2.6,81.41,0.0,0.0,,,,16.1,284.0,1014.4,3.9,0.0,0.0,0.0
2020-02-03T23:00:00,5.0,1.9,80.43,0.0,0.0,,,,16.9,272.0,,6.1,0.0,0.0,0.0
2020-02-04T00:00:00,4.1,1.7,84.65,0.055,100.0,rain,,,14.4,255.0,1015.2,6.8,0.0,0.0,0.0
2020-02-04T01:00:00,4.1,1.5,83.5,0.0,0.0,,,,13.9,262.0,1016.0,6.1,0.0,0.0,0.0
2020-02-04T02:00:00,4.4,1.5,81.27,0.0,0.0,,,,20.0,269.0,1016.2,7.9,0.0,0.0,0.0
2020-02-04T03:00:00,4.1,2.0,86.16,0.0,0.0,,,,20.0,263.0,1016.8,13.3,0.0,0.0,0.0
2020-02-04T04:00:00,4.5,1.4,80.67,0.0,0.0,,,,21.6,262.0,1016.8,36.2,0.0,0.0,0.0
2020-02-04T05:00:00,4.3,1.9,84.14,0.0,0.0,,,,20.9,272.0,1017.3,47.9,0.0,0.0,0.0
2020-02-04T06:00:00,4.6,2.0,83.3,0.0,0.0,,,,21.9,264.0,1017.7,29.1,0.0,0.0,0.0
2020-02-04T07:00:00,4.2,1.8,84.26,0.0,0.0,,,,15.9,273.0,1018.6,15.6,8.1,0.0,0.0
2020-02-04T08:00:00,5.4,1.0,73.4,0.0,0.0,,,,27.0,281.0,1019.3,16.3,13.0,0.0,0.0
2020-02-04T09:00:00,6.0,0.6,68.53,0.0,0.0,,,,28.1,281.0,1019.9,24.7,86.0,0.3,1.0
2020-02-04T10:00:00,7.0,0.8,64.34,0.0,0.0,,,,32.7,291.0,1020.8,28.1,199.0,0.7,2.0
2020-02-04T11:00:00,7.8,1.3,63.12,0.0,0.0,,,,29.3,292.0,1021.7,55.4,299.0,1.1,3.0
2020-02-04T12:00:00,8.4,1.8,63.13,0.0,0.0,,,,24.8,303.0,1022.5,81.1,226.0,0.8,2.0
2020-02-04T13:00:00,8.5,1.8,62.93,0.0,0.0,,,,30.2,311.0,1023.4,96.4,162.0,0.6,2.0
2020-02-04T14:00:00,8.8,2.9,66.22,0.0,0.0,,,,29.1,310.0,1024.0,93.5,111.0,0.4,1.0
2020-02-04T15:00:00,8.9,3.1,66.59,0.0,0.0,,,,17.5,296.0,1025.4,94.8,48.0,0.2,0.0
2020-02-04T16:00:00,8.9,3.6,69.37,0.0,0.0,,,,18.8,295.0,1026.6,93.6,20.0,0.1,0.0
2020-02-04T17:00:00,8.8,4.0,71.88,0.0,0.0,,,,19.7,300.0,1027.6,94.8,7.0,0.0,0.0
2020-02-04T18:00:00,8.8,4.4,73.73,0.0,0.0,,,,16.7,304.0,1028.7,97.8,0.0,0.0,0.0
2020-02-04T19:00:00,8.4,4.3,75.44,0.0,0.0,,,,14.9,311.0,1029.8,88.6,0.0,0.0,0.0
2020-02-04T20:00:00,7.9,4.5,79.34,0.0,0.0,,,,12.3,297.0,1030.8,58.7,0.0,0.0,0.0
2020-02-04T21:00:00,8.3,6.7,89.65,0.0,0.0,,,,25.6,330.8,,39.6,0.0,0.0,0.0
2020-02-04T22:00:00,7.3,4.3,81.22,0.0,0.0,,,,10.2,325.0,1032.6,85.1,0.0,0.0,0.0
2020-02-04T23:00:00,6.8,4.4,84.68,0.0,0.0,,,,7.3,315.0,1033.5,64.8,0.0,0.0,0.0
2020-02-05T00:00:00,6.0,3.4,83.66,0.0,0.0,,,,8.6,309.0,1034.3,64.8,0.0,0.0,0.0
2020-02-05T01:00:00,4.5,2.7,88.48,0.0,0.0,,,,5.8,328.0,1034.8,46.2,0.0,0.0,0.0
2020-02-05T02:00:00,3.2,2.2,93.07,0.0,0.0,,,,5.6,307.0,1035.2,31.0,0.0,0.0,0.0
2020-02-05T03:00:00,1.8,0.7,92.22,0.0,0.0,,,,5.7,300.0,1035.6,13.8,0.0,0.0,0.0
2020-02-05T04:00:00,2.5,1.7,94.42,0.0,0.0,,,,8.7,318.0,1036.0,60.0,0.0,0.0,0.0
2020-02-05T05:00:00,1.6,1.0,96.11,0.0,0.0,,,,7.4,326.0,1036.5,100.0,0.0,0.0,0.0
2020-02-05T06:00:00,1.7,1.0,95.33,0.0,0.0,,,,8.3,339.0,1036.9,98.1,0.0,0.0,0.0
2020-02-05T07:00:00,1.7,1.1,95.83,0.0,0.0,,,,9.6,347.0,1036.8,88.1,14.0,0.1,0.0
2020-02-05T08:00:00,1.6,0.9,95.47,0.0,0.0,,,,5.1,353.0,1037.7,71.4,18.0,0.1,0.0
2020-02-05T09:00:00,3.4,2.9,96.67,0.0,0.0,,,,9.4,351.0,1038.1,28.5,113.0,0.4,1.0
2020-02-05T10:00:00,4.9,4.2,94.82,0.0,0.0,,,,6.2,7.0,1038.1,17.7,145.0,0.5,1.0
2020-02-05T11:00:00,6.5,4.4,86.22,0.0,0.0,,,,4.9,25.0,1038.1,10.0,212.0,0.8,2.0
2020-02-05T12:00:00,8.0,3.7,74.14,0.007,100.0,rain,,,5.2,128.0,1038.0,60.0,244.0,0.9,2.0
2020-02-05T13:00:00,8.4,3.2,69.43,0.0,0.0,,,,6.8,189.0,1037.9,100.0,302.0,1.1,3.0
2020-02-05T14:00:00,8.4,3.1,69.22,0.0,0.0,,,,8.5,208.0,1037.6,53.4,292.0,1.1,3.0
2020-02-05T15:00:00,8.4,3.4,70.5,0.0,0.0,,,,10.9,214.0,1037.4,71.2,272.0,1.0,3.0
2020-02-05T16:00:00,7.7,3.0,72.02,0.0,0.0,,,,8.4,193.0,1036.8,89.6,136.0,0.5,1.0
2020-02-05T17:00:00,6.1,2.3,77.0,0.0,0.0,,,,6.7,202.0,1036.5,47.1,40.0,0.1,0.0
2020-02-05T18:00:00,5.1,2.2,81.73,0.0,0.0,,,,7.0,223.0,1036.6,76.9,0.0,0.0,0.0
2020-02-05T19:00:00,3.8,1.5,85.3,0.0,0.0,,,,3.9,186.0,1036.0,82.7,0.0,0.0,0.0
2020-02-05T20:00:00,2.9,1.3,89.78,0.0,0.0,,,,2.4,227.0,1035.9,70.1,0.0,0.0,0.0
2020-02-05T21:00:00,2.2,1.0,91.71,0.0,0.0,,,,3.6,1.0,1035.9,72.7,0.0,0.0,0.0
2020-02-05T22:00:00,0.8,-0.2,93.15,0.0,0.0,,,,2.4,22.0,1036.0,67.0,0.0,0.0,0.0
2020-02-05T23:00:00,1.2,0.6,96.02,0.0,0.0,,,,9.4,341.0,1035.6,54.9,0.0,0.0,0.0
2020-02-06T00:00:00,-0.2,-0.7,96.17,0.0,0.0,,,,8.0,349.0,1035.3,54.2,0.0,0.0,0.0
2020-02-06T01:00:00,1.0,0.4,96.25,0.0,0.0,,,,11.9,345.0,1034.9,56.0,0.0,0.0,0.0
2020-02-06T02:00:00,0.4,-0.3,95.34,0.0,0.0,,,,7.8,358.0,1034.4,1.0,0.0,0.0,0.0
2020-02-06T03:00:00,-0.1,-0.6,96.63,0.0,0.0,,,,7.7,360.0,1033.8,10.0,0.0,0.0,0.0
2020-02-06T04:00:00,-0.1,-0.5,97.25,0.0,0.0,,,,9.0,358.0,1033.5,35.9,0.0,0.0,0.0
2020-02-06T05:00:00,-0.4,-0.7,98.04,0.0,0.0,,,,10.3,356.0,1033.5,56.9,0.0,0.0,0.0
2020-02-06T06:00:00,-0.7,-0.9,98.52,0.0,0.0,,,,13.2,349.0,1032.9,33.7,0.0,0.0,0.0
2020-02-06T07:00:00,-0.6,-0.9,97.43,0.0,0.0,,,,10.6,4.0,1032.6,28.5,16.4,0.1,0.0
2020-02-06T08:00:00,-1.0,-1.2,98.55,0.0,0.0,,,,10.8,6.0,1032.5,60.0,12.0,0.0,0.0
2020-02-06T09:00:00,0.3,-0.2,96.98,0.0,0.0,,,,11.8,14.0,1032.3,20.5,97.0,0.3,1.0
2020-02-06T10:00:00,2.4,2.1,97.59,0.0,0.0,,,,10.4,30.0,1032.1,90.0,212.0,,2.0
2020-02-06T11:00:00,5.2,3.9,91.18,0.0,0.0,,,,8.4,12.0,1032.2,90.0,306.0,1.1,3.0
2020-02-06T12:00:00,7.9,4.1,76.76,0.17,100.0,rain,,,5.5,40.0,1031.7,47.0,353.0,1.3,4.0
2020-02-06T13:00:00,8.8,4.2,72.58,0.0,0.0,,,,11.5,110.0,1031.1,90.0,362.0,1.3,4.0
2020-02-06T14:00:00,8.8,3.9,71.41,0.0,0.0,,,,11.7,125.0,1030.4,55.6,312.0,1.1,3.0
2020-02-06T15:00:00,8.1,3.6,73.15,0.0,0.0,,,,12.0,124.0,1030.0,90.0,232.0,0.8,2.0
2020-02-06T16:00:00,7.5,3.4,75.24,0.0,0.0,,,,10.1,126.0,1029.9,90.0,130.0,0.5,1.0
2020-02-06T17:00:00,6.1,3.0,80.21,0.0,0.0,,,,11.1,107.0,1029.5,10.0,29.0,0.1,0.0
2020-02-06T18:00:00,4.5,2.5,86.72,0.0,0.0,,,,9.8,89.0,1029.4,0.0,0.0,0.0,0.0
2020-02-06T19:00:00,3.5,2.2,90.85,0.0,0.0,,,,8.6,79.0,1029.0,10.0,0.0,0.0,0.0
2020-02-06T20:00:00,2.2,1.0,92.0,0.0,0.0,,,,6.0,52.0,1028.6,40.0,0.0,0.0,0.0
2020-02-06T21:00:00,2.5,1.4,92.14,0.0,0.0,,,,6.3,53.0,1028.2,0.0,0.0,0.0,0.0
2020-02-06T22:00:00,3.2,2.6,95.55,0.0,0.0,,,,8.7,66.0,1027.8,80.0,0.0,0.0,0.0
2020-02-06T23:00:00,2.7,1.8,94.3,0.0,0.0,,,,5.9,68.0,1027.2,18.1,0.0,0.0,0.0
2020-02-07T00:00:00,1.5,0.8,94.96,0.0,0.0,,,,5.7,42.0,1027.0,10.0,0.0,0.0,0.0
2020-02-07T01:00:00,1.0,0.4,95.6,0.0,0.0,,,,6.0,40.0,1026.3,0.0,0.0,0.0,0.0
2020-02-07T02:00:00,1.3,0.9,97.28,0.0,0.0,,,,5.6,65.0,1025.7,0.0,0.0,0.0,0.0
2020-02-07T03:00:00,2.2,1.7,96.75,0.0,0.0,,,,7.4,63.0,1024.8,40.0,0.0,0.0,0.0
2020-02-07T04:00:00,1.7,0.9,94.23,0.0,0.0,,,,9.4,74.0,1024.2,40.0,0.0,0.0,0.0
2020-02-07T05:00:00,1.4,0.6,94.3,0.0,0.0,,,,5.9,91.0,1023.2,0.0,0.0,0.0,0.0
2020-02-07T06:00:00,2.1,1.5,95.23,0.0,0.0,,,,10.1,73.0,1022.5,100.0,0.0,0.0,0.0
2020-02-07T07:00:00,2.1,1.3,94.28,0.0,0.0,,,,9.9,66.0,1021.7,90.0,20.8,0.1,0.0
2020-02-07T08:00:00,3.5,2.7,94.21,0.0,0.0,,,,10.0,92.0,1021.4,25.3,14.0,0.1,0.0
2020-02-07T09:00:00,6.0,3.7,85.59,0.0,0.0,,,,17.4,115.0,1020.9,49.0,101.0,0.4,1.0
2020-02-07T10:00:00,6.9,3.5,79.06,0.0,0.0,,,,17.0,126.0,1020.2,0.6,227.0,0.8,2.0
2020-02-07T11:00:00,7.4,3.4,75.68,0.0,0.0,,,,19.3,133.0,1019.5,30.0,311.0,1.1,3.0
2020-02-07T12:00:00,7.7,3.6,75.09,0.036,100.0,rain,,,19.7,138.0,1018.7,10.0,309.0,1.1,3.0
2020-02-07T13:00:00,8.5,4.3,74.94,0.0,0.0,,,,17.9,146.0,1018.0,62.6,342.0,1.2,3.0
2020-02-07T14:00:00,8.8,5.1,77.33,0.0,0.0,,,,17.4,155.0,1017.1,37.2,203.0,0.7,2.0
2020-02-07T15:00:00,8.6,5.5,80.92,0.0,0.0,,,,17.6,156.0,1016.5,75.1,186.0,0.7,2.0
2020-02-07T16:00:00,8.2,5.4,82.41,0.0,0.0,,,,19.0,181.0,1016.5,68.3,106.0,0.4,1.0
2020-02-07T17:00:00,8.3,6.1,86.37,0.0,0.0,,,,14.7,176.0,1016.0,87.5,30.0,0.1,0.0
2020-02-07T18:00:00,8.7,6.9,88.32,0.0,0.0,,,,18.5,174.0,1015.9,86.8,0.0,0.0,0.0
2020-02-07T19:00:00,9.2,7.2,87.81,0.0,0.0,,,,20.2,180.0,1015.5,96.4,0.0,0.0,0.0
2020-02-07T20:00:00,9.3,7.6,89.57,0.0,0.0,,,,21.7,182.0,1015.1,100.0,0.0,0.0,0.0
2020-02-07T21:00:00,9.3,7.9,91.04,0.0,0.0,,,,20.8,185.0,1015.1,93.5,0.0,0.0,0.0
2020-02-07T22:00:00,9.5,8.2,91.64,0.0,0.0,,,,27.7,185.0,1014.6,96.4,0.0,0.0,0.0
2020-02-07T23:00:00,9.6,8.5,93.02,0.0,0.0,,,,25.8,186.0,1014.5,92.4,0.0,0.0,0.0
2020-02-08T00:00:00,9.9,8.7,92.18,0.0,0.0,,,,27.5,194.0,1014.3,94.3,0.0,0.0,0.0
2020-02-08T01:00:00,10.1,8.7,91.38,0.0,0.0,,,,27.7,196.0,1014.1,86.6,0.0,0.0,0.0
2020-02-08T02:00:00,10.2,8.9,91.66,0.0,0.0,,,,26.1,187.0,1013.8,83.0,0.0,0.0,0.0
2020-02-08T03:00:00,10.1,8.8,92.11,0.0,0.0,,,,27.5,195.0,1013.6,85.6,0.0,0.0,0.0
2020-02-08T04:00:00,9.7,9.2,96.85,0.0,0.0,,,,25.4,198.0,1013.4,92.1,0.0,0.0,0.0
2020-02-08T05:00:00,8.7,7.8,93.88,0.0,0.0,,,,18.2,239.0,1014.2,75.4,0.0,0.0,0.0
2020-02-08T06:00:00,8.1,7.5,95.75,0.508,100.0,rain,,,9.6,217.0,1014.5,85.9,0.0,0.0,0.0
2020-02-08T07:00:00,8.3,7.6,95.14,0.0,0.0,,,,11.7,242.0,1015.5,92.1,7.4,0.0,0.0
2020-02-08T08:00:00,8.3,7.3,93.94,0.0,0.0,,,,12.0,231.0,1016.2,90.0,14.0,0.1,0.0
2020-02-08T09:00:00,8.3,7.6,95.32,0.0,0.0,,,,8.9,251.0,1017.0,87.2,62.0,0.2,1.0
2020-02-08T10:00:00,8.9,6.5,84.62,0.0,0.0,,,,13.5,259.0,1017.7,85.6,124.0,0.4,1.0
2020-02-08T11:00:00,9.5,6.4,80.69,0.0,0.0,,,,12.6,258.0,1017.9,86.2,211.0,0.8,2.0
2020-02-08T12:00:00,9.3,6.3,81.16,0.07,100.0,rain,,,14.3,222.0,1017.6,71.0,184.0,0.7,2.0
2020-02-08T13:00:00,9.9,6.0,76.55,0.0,0.0,,,,15.4,225.0,1017.7,85.4,290.0,1.0,3.0
2020-02-08T14:00:00,10.2,5.8,74.44,0.0,0.0,,,,17.5,223.0,1017.4,10.0,327.0,1.2,3.0
2020-02-08T15:00:00,9.7,5.1,73.06,0.0,0.0,,,,16.8,215.0,1017.4,10.0,241.0,0.9,2.0
2020-02-08T16:00:00,8.8,5.5,80.13,0.0,0.0,,,,18.1,205.0,1017.6,45.8,132.0,0.5,1.0
2020-02-08T17:00:00,8.1,5.6,84.4,0.0,0.0,,,,19.8,205.0,1017.7,27.7,28.0,0.1,0.0
2020-02-08T18:00:00,7.9,6.0,87.38,0.0,0.0,,,,20.6,202.0,1017.4,37.7,0.0,0.0,0.0
2020-02-08T19:00:00,8.2,5.9,85.62,0.0,0.0,,,,23.6,193.0,1016.1,10.0,0.0,0.0,0.0
2020-02-08T20:00:00,8.2,5.4,82.72,0.0,0.0,,,,25.3,193.0,1015.9,38.2,0.0,0.0,0.0
2020-02-08T21:00:00,8.4,5.8,,0.0,0.0,,,,24.8,188.0,1015.8,73.6,0.0,0.0,0.0
2020-02-08T22:00:00,8.7,6.2,84.31,0.0,0.0,,,,29.4,194.0,1014.8,91.5,0.0,0.0,0.0
2020-02-08T23:00:00,8.9,6.1,82.71,0.0,0.0,,,,34.8,196.0,1013.9,80.3,0.0,0.0,0.0
2020-02-09T00:00:00,8.9,5.5,79.75,0.0,0.0,,,,39.5,204.0,1012.5,80.3,0.0,0.0,0.0
2020-02-09T01:00:00,8.5,5.6,81.64,0.0,0.0,,,,39.7,204.0,1011.4,90.0,0.0,0.0,0.0
2020-02-09T02:00:00,8.5,5.6,81.73,0.0,0.0,,,,43.6,204.0,1009.8,84.8,0.0,0.0,0.0
2020-02-09T03:00:00,8.9,5.9,81.77,0.0,0.0,,,,46.5,204.0,1008.7,86.4,0.0,0.0,0.0
2020-02-09T04:00:00,9.0,6.3,83.64,0.0,0.0,,,,45.5,204.0,1007.7,92.9,0.0,0.0,0.0
2020-02-09T05:00:00,8.9,7.0,88.12,0.0,0.0,,,,46.1,197.0,1006.0,85.8,0.0,0.0,0.0
2020-02-09T06:00:00,8.9,7.3,89.71,0.605,100.0,rain,,,49.4,204.0,1004.6,91.7,0.0,0.0,0.0
2020-02-09T07:00:00,9.3,7.8,90.05,0.0,0.0,,,,51.2,204.0,1003.2,90.8,4.3,0.0,0.0
2020-02-09T08:00:00,9.6,8.1,90.73,0.0,,,,,53.2,197.0,1001.3,91.4,5.0,0.0,0.0
2020-02-09T09:00:00,10.0,8.6,91.04,0.0,0.0,,,,53.1,203.0,1000.5,90.0,11.0,0.0,0.0
2020-02-09T10:00:00,10.6,8.9,89.43,0.0,0.0,,,,51.2,197.0,999.4,98.3,21.0,0.1,0.0
2020-02-09T11:00:00,10.8,9.6,92.55,0.0,0.0,,,,52.7,204.0,998.1,93.6,33.0,0.1,0.0
2020-02-09T12:00:00,11.4,9.8,89.89,0.436,100.0,rain,,,59.2,205.0,995.6,94.8,23.0,0.1,0.0
2020-02-09T13:00:00,11.5,10.1,90.86,0.0,0.0,,,,57.9,206.0,993.1,94.3,29.0,0.1,0.0
2020-02-09T14:00:00,11.2,10.4,94.32,0.0,0.0,,,,59.5,213.0,992.2,92.3,24.0,0.1,0.0
2020-02-09T15:00:00,11.3,10.9,97.28,0.0,0.0,,,,59.4,215.0,991.0,93.6,23.0,0.1,0.0
2020-02-09T16:00:00,11.6,10.8,94.38,0.0,0.0,,,,57.3,217.0,990.5,87.1,18.0,0.1,0.0
2020-02-09T17:00:00,11.6,10.3,91.81,0.0,0.0,,,,52.0,225.0,990.1,86.3,8.0,0.0,0.0
2020-02-09T18:00:00,11.3,9.9,90.92,3.368,100.0,rain,,,53.7,227.0,989.5,66.3,,0.0,0.0
2020-02-09T19:00:00,10.2,9.5,95.86,0.0,0.0,,,,38.1,243.0,989.9,70.8,0.0,0.0,0.0
2020-02-09T20:00:00,10.1,8.6,90.03,0.0,0.0,,,,41.1,241.0,990.0,64.4,0.0,0.0,0.0
2020-02-09T21:00:00,10.4,6.6,77.27,0.0,0.0,,,,42.8,243.0,990.8,74.4,0.0,0.0,0.0
2020-02-09T22:00:00,10.3,6.4,76.87,0.0,0.0,,,,41.0,243.0,991.1,89.2,0.0,0.0,0.0
2020-02-09T23:00:00,9.9,5.6,74.59,0.0,0.0,,,,42.7,243.0,991.6,84.5,0.0,0.0,0.0
2020-02-10T00:00:00,9.5,5.8,77.69,3.54,100.0,rain,,,38.6,244.0,991.8,59.7,0.0,0.0,0.0
2020-02-10T01:00:00,9.6,6.0,77.91,0.0,0.0,,,,37.6,245.0,992.0,76.6,0.0,0.0,0.0
2020-02-10T02:00:00,8.5,5.7,82.86,0.0,0.0,,,,41.3,252.0,993.1,70.4,0.0,0.0,0.0
2020-02-10T03:00:00,7.9,4.3,77.98,0.0,0.0,,,,41.7,254.0,995.1,70.8,0.0,0.0,0.0
2020-02-10T04:00:00,6.6,3.2,78.78,0.0,0.0,,,,35.4,263.0,997.0,39.4,0.0,0.0,0.0
2020-02-10T05:00:00,6.4,2.5,76.13,0.0,0.0,,,,41.4,262.0,999.1,35.2,0.0,0.0,0.0
2020-02-10T06:00:00,6.0,1.9,74.98,0.246,100.0,rain,,,33.9,261.0,1000.6,11.9,0.0,0.0,0.0
2020-02-10T07:00:00,6.0,1.5,72.74,0.0,0.0,,,,30.5,261.0,1001.9,19.1,20.0,0.1,0.0
2020-02-10T08:00:00,6.4,1.7,72.01,0.0,0.0,,,,34.6,253.0,1003.1,33.5,23.0,0.1,0.0
2020-02-10T09:00:00,7.6,2.4,69.73,0.0,0.0,,,,34.6,250.0,1003.9,38.2,129.0,0.5,1.0
2020-02-10T10:00:00,8.2,3.7,72.82,0.0,0.0,,,,33.9,250.0,1004.1,66.4,156.0,0.6,2.0
2020-02-10T11:00:00,8.6,3.4,69.95,0.0,0.0,,,,34.4,242.0,1004.1,43.8,162.0,0.6,2.0
2020-02-10T12:00:00,9.0,5.1,76.33,0.0,0.0,,,,38.7,232.0,1003.2,82.2,158.0,0.6,2.0
2020-02-10T13:00:00,9.2,5.7,78.91,0.0,0.0,,,,36.4,224.0,1001.0,68.8,124.0,0.4,1.0
2020-02-10T14:00:00,9.3,4.4,71.38,0.0,0.0,,,,50.3,241.0,999.4,63.7,129.0,0.5,1.0
2020-02-10T15:00:00,8.9,4.1,72.01,0.0,0.0,,,,36.4,243.0,998.8,70.9,165.0,0.6,2.0
2020-02-10T16:00:00,7.5,4.6,81.45,0.0,0.0,,,,33.2,243.0,998.5,67.8,82.0,0.3,1.0
2020-02-10T17:00:00,7.7,4.1,78.05,0.0,0.0,,,,37.2,247.0,998.4,54.5,19.0,0.1,0.0
2020-02-10T18:00:00,7.7,2.8,70.97,0.153,100.0,rain,,,36.5,252.0,998.6,42.2,0.0,0.0,0.0
2020-02-10T19:00:00,5.9,2.2,77.36,0.0,0.0,,,,36.9,280.0,1000.1,68.0,0.0,0.0,0.0
2020-02-10T20:00:00,5.4,0.2,69.19,0.0,0.0,,,,32.9,262.0,1001.5,10.0,0.0,0.0,0.0
2020-02-10T21:00:00,5.4,0.0,68.12,0.0,0.0,,,,33.7,253.0,1002.2,37.6,0.0,0.0,0.0
2020-02-10T22:00:00,5.0,0.0,69.96,0.0,0.0,,,,30.5,260.0,1003.0,26.2,0.0,0.0,0.0
2020-02-10T23:00:00,5.7,-0.2,65.7,0.0,0.0,,,,31.8,260.0,1004.0,43.5,0.0,0.0,0.0
2020-02-11T00:00:00,5.5,-1.1,62.54,0.245,100.0,rain,,,29.2,253.0,1004.4,67.6,0.0,0.0,0.0
2020-02-11T01:00:00,5.5,0.3,69.06,0.0,0.0,,,,32.1,259.0,1005.0,45.7,0.0,0.0,0.0
2020-02-11T02:00:00,5.4,0.3,69.64,0.0,0.0,,,,31.4,260.0,1005.4,27.2,0.0,0.0,0.0
2020-02-11T03:00:00,5.6,0.5,70.13,0.0,0.0,,,,34.6,261.0,1005.7,26.9,0.0,0.0,0.0
2020-02-11T04:00:00,5.2,0.3,70.87,0.0,0.0,,,,27.8,252.0,1006.1,28.1,0.0,0.0,0.0
2020-02-11T05:00:00,4.9,-0.2,69.8,0.0,0.0,,,,31.5,260.0,1006.9,30.0,0.0,0.0,0.0
2020-02-11T06:00:00,4.8,-0.6,68.13,0.0,0.0,,,,27.9,260.0,1007.5,66.3,0.0,0.0,0.0
2020-02-11T07:00:00,4.3,-0.7,69.6,0.0,0.0,,,,23.8,259.0,1007.8,10.0,17.4,0.1,0.0
2020-02-11T08:00:00,4.4,-0.2,72.1,0.0,0.0,,,,25.9,260.0,1008.4,72.6,20.0,0.1,0.0
2020-02-11T09:00:00,5.0,0.1,70.69,0.0,0.0,,,,35.0,259.0,1008.5,10.0,125.0,0.5,1.0
2020-02-11T10:00:00,5.9,1.2,71.71,0.0,0.0,,,,34.4,253.0,1009.3,40.0,246.0,0.9,2.0
2020-02-11T11:00:00,6.8,1.2,67.39,0.0,0.0,,,,33.1,261.0,1009.9,26.6,333.0,,3.0
2020-02-11T12:00:00,8.1,0.7,59.54,0.0,0.0,,,,33.7,254.0,1009.8,47.6,293.0,1.1,3.0
2020-02-11T13:00:00,7.3,-0.7,56.92,0.0,0.0,,,,31.8,269.0,1010.0,34.6,403.0,1.5,4.0
2020-02-11T14:00:00,8.1,0.1,56.91,0.0,0.0,,,,33.8,264.0,1010.5,29.1,417.0,1.5,4.0
2020-02-11T15:00:00,7.4,-1.4,53.58,0.0,0.0,,,,34.1,272.0,1011.2,36.8,239.0,0.9,2.0
2020-02-11T16:00:00,7.0,-1.7,54.03,0.0,0.0,,,,28.5,271.0,1011.7,20.3,149.0,0.5,1.0
2020-02-11T17:00:00,6.4,-1.8,55.85,0.0,0.0,,,,25.2,262.0,1012.5,23.4,44.0,0.2,0.0
2020-02-11T18:00:00,5.1,-2.3,58.97,0.0,0.0,,,,19.5,261.0,1012.9,10.0,0.0,0.0,0.0
2020-02-11T19:00:00,5.4,-1.6,60.79,0.0,0.0,,,,27.1,260.0,1013.6,40.2,0.0,0.0,0.0
2020-02-11T20:00:00,4.2,-1.2,67.56,0.0,0.0,,,,17.6,259.0,1013.9,60.0,0.0,0.0,0.0
2020-02-11T21:00:00,4.5,-0.1,72.04,0.0,0.0,,,,21.7,250.0,1013.9,34.4,0.0,0.0,0.0
2020-02-11T22:00:00,5.2,-0.5,66.7,0.0,0.0,,,,27.3,259.0,1014.4,22.7,0.0,0.0,0.0
2020-02-11T23:00:00,4.7,-0.1,71.08,0.0,0.0,,,,28.8,251.0,1014.3,36.3,0.0,0.0,0.0
2020-02-12T00:00:00,4.3,0.2,74.36,0.004,100.0,rain,,,21.9,251.0,1014.4,72.7,0.0,0.0,0.0
2020-02-12T01:00:00,3.9,0.2,76.66,0.0,0.0,,,,21.4,252.0,1014.5,56.0,0.0,0.0,0.0
2020-02-12T02:00:00,3.8,0.6,79.52,0.0,0.0,,,,18.5,258.0,1014.5,25.5,0.0,0.0,0.0
2020-02-12T03:00:00,3.1,0.8,85.18,0.0,0.0,,,,14.1,259.0,1014.5,32.0,0.0,0.0,0.0
2020-02-12T04:00:00,3.5,0.4,80.35,0.0,0.0,,,,18.0,258.0,1014.5,38.2,0.0,0.0,0.0
2020-02-12T05:00:00,2.6,0.2,84.12,0.0,0.0,,,,13.7,259.0,1014.8,30.6,0.0,0.0,0.0
2020-02-12T06:00:00,3.0,0.7,84.67,0.0,0.0,,,,17.6,251.0,1015.1,18.9,0.0,0.0,0.0
2020-02-12T07:00:00,3.1,0.9,85.82,0.0,0.0,,,,15.1,259.0,1015.3,30.9,20.4,0.1,0.0
2020-02-12T08:00:00,3.3,0.9,84.28,0.0,0.0,,,,17.8,259.0,1016.1,27.6,18.0,0.1,0.0
2020-02-12T09:00:00,4.4,1.6,81.6,0.0,0.0,,,,19.9,260.0,1016.5,14.5,131.0,0.5,1.0
2020-02-12T10:00:00,5.9,1.5,73.65,0.0,0.0,,,,24.3,254.0,1016.8,22.8,243.0,0.9,2.0
2020-02-12T11:00:00,6.7,0.4,64.23,0.0,0.0,,,,20.7,272.0,1016.6,66.3,361.0,1.3,4.0
2020-02-12T12:00:00,7.5,0.6,61.43,0.0,0.0,,,,24.8,271.0,1016.7,10.0,387.0,1.4,4.0
2020-02-12T13:00:00,8.2,0.8,59.59,0.0,0.0,,,,23.7,267.0,1016.6,28.6,334.0,1.2,3.0
2020-02-12T14:00:00,8.0,0.4,58.65,0.0,0.0,,,,22.1,262.0,1016.4,35.7,332.0,1.2,3.0
2020-02-12T15:00:00,8.4,2.8,67.77,0.0,0.0,,,,25.5,229.0,1016.6,23.7,169.0,0.6,2.0
2020-02-12T16:00:00,7.6,2.0,67.93,0.0,0.0,,,,16.0,251.0,1016.6,27.2,82.0,0.3,1.0
2020-02-12T17:00:00,7.3,3.1,74.57,0.0,0.0,,,,15.4,241.0,1016.1,41.0,23.0,0.1,0.0
2020-02-12T18:00:00,6.4,3.7,82.69,0.0,0.0,,,,10.6,222.0,1015.7,83.9,0.0,0.0,0.0
2020-02-12T19:00:00,6.4,4.1,85.33,0.0,0.0,,,,15.8,207.0,1015.5,92.2,0.0,0.0,0.0
2020-02-12T20:00:00,6.4,4.2,85.83,0.0,0.0,,,,15.9,195.0,1015.1,89.0,0.0,0.0,0.0
2020-02-12T21:00:00,6.0,4.8,92.02,0.0,0.0,,,,7.6,181.0,1014.0,71.2,0.0,0.0,0.0
2020-02-12T22:00:00,6.3,5.4,94.36,0.0,0.0,,,,16.1,215.0,1012.6,72.1,0.0,0.0,0.0
2020-02-12T23:00:00,7.6,6.0,89.66,0.0,0.0,,,,25.4,189.0,1011.0,80.0,0.0,0.0,0.0
2020-02-13T00:00:00,7.7,5.9,88.23,4.38,100.0,rain,,,29.4,191.0,1009.5,83.5,0.0,0.0,0.0
2020-02-13T01:00:00,7.8,5.8,86.7,0.0,0.0,,,,32.6,193.0,1008.0,78.8,0.0,0.0,0.0
2020-02-13T02:00:00,7.3,5.7,89.32,0.0,0.0,,,,36.4,193.0,1005.9,75.6,0.0,0.0,0.0
2020-02-13T03:00:00,6.5,5.1,91.07,0.0,0.0,,,,36.7,176.0,1003.2,82.6,0.0,0.0,0.0
2020-02-13T04:00:00,6.8,5.7,93.15,0.0,0.0,,,,41.3,165.0,999.6,83.8,0.0,0.0,0.0
2020-02-13T05:00:00,7.3,6.5,94.74,0.0,0.0,,,,44.3,167.0,995.8,71.3,0.0,0.0,0.0
2020-02-13T06:00:00,5.9,5.0,94.31,10.489,100.0,rain,,,24.6,219.0,995.9,82.1,0.0,0.0,0.0
2020-02-13T07:00:00,5.8,4.6,91.63,0.0,0.0,,,,17.9,213.0,995.3,64.0,14.7,0.1,0.0
2020-02-13T08:00:00,7.0,5.6,91.19,0.0,0.0,,,,17.4,204.0,994.3,48.8,32.0,0.1,0.0
2020-02-13T09:00:00,7.5,5.5,87.25,0.0,0.0,,,,31.4,219.0,994.0,50.5,48.0,0.2,0.0
2020-02-13T10:00:00,8.0,6.2,88.04,0.0,0.0,,,,34.1,230.0,993.5,60.2,65.0,0.2,1.0
2020-02-13T11:00:00,7.7,6.2,90.32,0.0,0.0,,,,28.1,222.0,992.7,78.3,93.0,0.3,1.0
2020-02-13T12:00:00,8.3,7.2,92.37,4.017,100.0,rain,,,34.1,221.0,991.6,75.6,19.0,0.1,0.0
2020-02-13T13:00:00,8.6,7.2,91.04,0.0,0.0,,,,24.9,243.0,990.6,69.3,155.0,0.6,2.0
2020-02-13T14:00:00,8.8,7.0,88.08,0.0,0.0,,,,23.2,297.0,992.5,57.3,274.0,1.0,3.0
2020-02-13T15:00:00,9.7,6.0,77.84,0.0,0.0,,,,25.4,283.0,994.9,65.7,285.0,1.0,3.0
2020-02-13T16:00:00,8.5,5.5,80.94,0.0,0.0,,,,25.0,274.0,996.9,47.2,67.0,0.2,1.0
2020-02-13T17:00:00,8.5,4.6,76.69,0.0,0.0,,,,24.6,283.0,999.3,40.7,29.0,0.1,0.0
2020-02-13T18:00:00,7.5,4.8,83.07,3.036,100.0,rain,,,15.8,282.0,1001.9,30.4,0.0,0.0,0.0
2020-02-13T19:00:00,7.1,4.2,82.04,0.0,0.0,,,,11.5,266.0,1004.2,23.1,0.0,0.0,0.0
2020-02-13T20:00:00,7.1,4.1,81.09,0.0,0.0,,,,14.3,279.0,1006.4,83.4,0.0,0.0,0.0
2020-02-13T21:00:00,6.4,4.0,84.38,0.0,0.0,,,,15.9,274.0,1008.4,90.3,0.0,0.0,0.0
2020-02-13T22:00:00,6.2,4.0,85.78,0.0,0.0,,,,11.1,249.0,1010.2,47.6,0.0,0.0,0.0
2020-02-13T23:00:00,5.9,4.0,87.91,0.0,0.0,,,,13.5,260.0,1011.7,60.9,0.0,0.0,0.0
2020-02-14T00:00:00,5.5,4.2,91.3,0.0,0.0,,,,14.6,255.0,1012.8,91.3,0.0,0.0,0.0
2020-02-14T01:00:00,5.4,4.3,92.47,0.0,0.0,,,,12.9,256.0,1013.9,83.6,0.0,0.0,0.0
2020-02-14T02:00:00,3.7,2.6,92.24,0.0,0.0,,,,8.7,270.0,1014.5,34.1,0.0,0.0,0.0
2020-02-14T03:00:00,2.7,2.1,95.58,0.0,0.0,,,,9.8,262.0,1015.6,24.3,0.0,0.0,0.0
2020-02-14T04:00:00,2.7,2.0,95.04,0.0,0.0,,,,8.5,280.0,1016.1,32.9,0.0,0.0,0.0
2020-02-14T05:00:00,2.0,1.4,96.17,0.0,0.0,,,,3.4,56.0,1017.1,10.0,0.0,0.0,0.0
2020-02-14T06:00:00,1.0,0.2,94.27,0.0,0.0,,,,3.6,357.0,1017.8,29.1,0.0,0.0,0.0
2020-02-14T07:00:00,0.7,0.1,95.98,0.0,0.0,,,,2.2,297.0,1018.2,43.7,5.0,0.0,0.0
2020-02-14T08:00:00,0.7,0.6,98.89,0.0,0.0,,,,5.2,80.0,1019.0,32.0,20.0,0.1,0.0
2020-02-14T09:00:00,3.6,3.5,99.2,0.0,0.0,,,,7.3,107.0,1019.6,80.0,65.0,0.2,1.0
2020-02-14T10:00:00,8.6,6.8,88.38,0.0,0.0,,,,16.4,186.0,1019.6,73.4,201.0,0.7,2.0
2020-02-14T11:00:00,9.5,7.4,86.79,0.0,0.0,,,,18.0,203.0,1019.6,84.5,209.0,0.8,2.0
2020-02-14T12:00:00,9.7,7.6,87.07,0.0,0.0,,,,23.8,197.0,1019.3,89.7,223.0,0.8,2.0
2020-02-14T13:00:00,9.8,8.0,88.64,0.0,0.0,,,,24.2,206.0,1019.0,83.6,175.0,0.6,2.0
2020-02-14T14:00:00,9.7,7.2,84.78,0.0,0.0,,,,24.1,223.0,1019.1,87.5,129.0,0.5,1.0
2020-02-14T15:00:00,9.6,7.5,86.83,0.0,0.0,,,,24.7,214.0,1019.0,92.1,106.0,0.4,1.0
2020-02-14T16:00:00,9.5,7.4,87.03,0.0,0.0,,,,25.1,204.0,1018.6,91.4,37.0,0.1,0.0
2020-02-14T17:00:00,9.5,7.4,86.55,0.0,0.0,,,,26.9,197.0,1018.3,97.4,22.0,0.1,0.0
2020-02-14T18:00:00,9.6,7.5,86.9,0.0,0.0,,,,23.4,189.0,1018.6,94.9,0.0,0.0,0.0
2020-02-14T19:00:00,9.7,7.9,88.38,0.0,0.0,,,,23.6,196.0,1018.3,94.9,0.0,0.0,0.0
2020-02-14T20:00:00,10.1,7.7,84.94,0.0,0.0,,,,28.2,189.0,1018.0,94.0,0.0,0.0,0.0
2020-02-14T21:00:00,10.1,7.8,85.92,0.0,0.0,,,,25.6,188.0,1017.8,96.7,0.0,0.0,0.0
2020-02-14T22:00:00,10.1,7.9,86.36,0.0,0.0,,,,25.6,189.0,1017.5,99.2,0.0,0.0,0.0
2020-02-14T23:00:00,9.6,8.0,89.5,0.0,0.0,,,,28.4,196.0,1016.8,98.6,0.0,0.0,0.0
2020-02-15T00:00:00,10.0,8.4,89.79,0.036,100.0,rain,,,29.3,196.0,1016.4,93.0,0.0,0.0,0.0
2020-02-15T01:00:00,9.7,8.7,93.45,0.0,0.0,,,,27.8,189.0,1016.2,97.9,0.0,0.0,0.0
2020-02-15T02:00:00,10.0,9.0,93.01,0.0,0.0,,,,26.8,196.0,1015.7,100.0,0.0,0.0,0.0
2020-02-15T03:00:00,10.1,9.2,94.22,0.0,0.0,,,,29.5,196.0,1014.9,94.3,0.0,0.0,0.0
2020-02-15T04:00:00,10.2,9.2,93.89,0.0,0.0,,,,30.3,197.0,1014.4,97.9,0.0,0.0,0.0
2020-02-15T05:00:00,10.2,9.2,93.67,0.0,0.0,,,,28.5,196.0,1014.0,95.6,0.0,0.0,0.0
2020-02-15T06:00:00,10.5,9.4,92.57,0.114,100.0,rain,,,28.9,188.0,1013.4,91.6,0.0,0.0,0.0
2020-02-15T07:00:00,10.5,9.4,92.33,0.0,0.0,,,,28.9,187.0,1013.0,92.2,15.6,0.1,0.0
2020-02-15T08:00:00,10.6,9.3,92.05,0.0,0.0,,,,27.6,186.0,1012.6,89.2,16.0,0.1,0.0
2020-02-15T09:00:00,10.7,9.3,91.3,0.0,0.0,,,,35.3,194.0,1012.0,91.3,33.0,0.1,0.0
2020-02-15T10:00:00,11.1,9.1,88.01,0.0,0.0,,,,37.0,194.0,1011.0,89.7,98.0,0.4,1.0
2020-02-15T11:00:00,11.2,9.2,87.26,0.0,0.0,,,,38.1,194.0,1010.0,90.0,194.0,0.7,2.0
2020-02-15T12:00:00,11.1,9.2,88.08,0.016,100.0,rain,,,35.2,188.0,1009.3,89.2,116.0,0.4,1.0
2020-02-15T13:00:00,10.6,9.3,91.72,0.0,0.0,,,,38.3,196.0,1008.5,90.0,57.0,0.2,1.0
2020-02-15T14:00:00,10.6,9.6,93.94,0.0,0.0,,,,36.9,187.0,1007.1,75.1,53.0,0.2,1.0
2020-02-15T15:00:00,10.6,9.4,92.33,0.0,0.0,,,,36.7,186.0,1006.1,81.1,21.0,0.1,0.0
2020-02-15T16:00:00,11.0,9.8,92.61,0.0,0.0,,,,47.5,194.0,1004.7,77.5,20.0,0.1,0.0
2020-02-15T17:00:00,10.7,9.8,94.44,0.0,0.0,,,,46.6,187.0,1003.7,81.3,8.0,0.0,0.0
2020-02-15T18:00:00,11.0,9.8,92.59,4.767,100.0,rain,,,47.8,187.0,1002.6,82.9,0.0,0.0,0.0
2020-02-15T19:00:00,10.7,9.9,94.65,0.0,0.0,,,,51.1,196.0,1002.3,87.0,0.0,0.0,0.0
2020-02-15T20:00:00,11.0,10.3,95.46,0.0,0.0,,,,49.6,196.0,1002.4,89.2,0.0,0.0,0.0
2020-02-15T21:00:00,11.2,10.4,95.15,0.0,0.0,,,,49.1,206.0,1002.2,85.6,0.0,0.0,0.0
2020-02-15T22:00:00,11.1,10.4,95.43,0.0,0.0,,,,46.6,206.0,1001.8,91.8,0.0,0.0,0.0
2020-02-15T23:00:00,10.8,10.4,97.45,0.0,0.0,,,,43.0,197.0,1001.3,95.6,0.0,0.0,0.0
2020-02-16T00:00:00,11.2,10.4,94.71,1.298,100.0,rain,,,40.4,196.0,1000.7,99.2,0.0,0.0,0.0
2020-02-16T01:00:00,11.3,10.5,94.76,0.0,0.0,,,,44.4,196.0,999.7,95.6,0.0,0.0,0.0
2020-02-16T02:00:00,11.3,10.5,94.52,0.0,0.0,,,,47.0,196.0,998.7,94.3,0.0,0.0,0.0
2020-02-16T03:00:00,11.6,10.5,92.8,0.0,0.0,,,,46.8,197.0,998.4,97.8,0.0,0.0,0.0
2020-02-16T04:00:00,11.6,10.5,92.74,0.0,0.0,,,,53.5,196.0,996.5,96.2,0.0,0.0,0.0
2020-02-16T05:00:00,11.3,10.9,97.27,0.0,0.0,,,,50.3,196.0,995.5,94.8,0.0,0.0,0.0
2020-02-16T06:00:00,11.3,10.9,97.47,4.018,100.0,rain,,,51.4,205.0,995.1,89.2,0.0,0.0,0.0
2020-02-16T07:00:00,11.6,11.1,96.43,0.0,0.0,,,,50.7,206.0,995.0,89.2,2.5,0.0,0.0
2020-02-16T08:00:00,11.3,10.9,97.7,0.0,0.0,,,,48.7,208.0,995.6,89.2,8.0,0.0,0.0
2020-02-16T09:00:00,10.8,10.2,95.99,0.0,0.0,,,,34.6,231.0,996.4,85.7,26.0,0.1,0.0
2020-02-16T10:00:00,9.9,9.4,96.7,0.0,0.0,,,,26.5,224.0,996.2,88.7,78.0,0.3,1.0
2020-02-16T11:00:00,9.5,9.0,96.58,0.0,0.0,,,,28.6,224.0,996.0,82.1,107.0,0.4,1.0
2020-02-16T12:00:00,9.1,8.7,97.38,7.277,100.0,rain,,,28.4,224.0,995.4,68.2,100.0,0.4,1.0
2020-02-16T13:00:00,8.6,8.3,98.38,0.0,0.0,,,,,233.0,994.7,69.6,69.0,0.2,1.0
2020-02-16T14:00:00,8.0,7.3,95.7,0.0,0.0,,,,25.4,255.0,996.4,57.5,43.0,0.2,0.0
2020-02-16T15:00:00,7.0,5.9,92.79,0.0,0.0,,,,22.2,266.0,997.7,76.4,24.0,0.1,0.0
2020-02-16T16:00:00,7.8,6.3,90.4,0.0,0.0,,,,25.3,239.0,998.3,86.1,26.0,0.1,0.0
2020-02-16T17:00:00,8.4,6.6,88.65,0.0,0.0,,,,33.9,233.0,999.5,80.1,20.0,0.1,0.0
2020-02-16T18:00:00,8.1,6.4,88.9,8.507,100.0,rain,,,35.5,239.0,1000.5,66.3,12.0,0.0,0.0
2020-02-16T19:00:00,8.4,6.2,85.83,0.0,0.0,,,,35.6,223.0,1001.1,60.8,0.0,0.0,0.0
2020-02-16T20:00:00,8.4,4.5,76.44,0.0,0.0,,,,37.3,240.0,1002.8,49.9,0.0,0.0,0.0
2020-02-16T21:00:00,8.7,4.2,73.65,0.0,0.0,,,,35.1,235.0,1003.8,37.9,0.0,0.0,0.0
2020-02-16T22:00:00,7.9,2.3,67.69,0.0,0.0,,,,45.3,243.0,1005.2,42.6,0.0,0.0,0.0
2020-02-16T23:00:00,7.0,1.1,66.19,0.0,0.0,,,,35.0,251.0,1006.6,29.6,0.0,0.0,0.0
2020-02-17T00:00:00,7.3,1.5,66.62,0.377,100.0,rain,,,31.1,241.0,1007.8,10.0,0.0,0.0,0.0
2020-02-17T01:00:00,7.7,1.9,66.67,0.0,0.0,,,,30.6,239.0,1008.6,58.6,0.0,0.0,0.0
2020-02-17T02:00:00,8.1,3.9,74.76,0.0,0.0,,,,29.0,231.0,1009.0,72.6,0.0,0.0,0.0
2020-02-17T03:00:00,8.2,4.0,74.73,0.0,0.0,,,,33.3,229.0,1008.8,70.1,0.0,0.0,0.0
2020-02-17T04:00:00,8.2,4.3,76.01,0.0,0.0,,,,29.6,223.0,1008.5,79.4,0.0,0.0,0.0
2020-02-17T05:00:00,7.9,4.8,80.24,0.0,0.0,,,,35.2,215.0,1008.4,59.6,0.0,0.0,0.0
2020-02-17T06:00:00,7.8,4.8,81.3,0.013,100.0,rain,,,35.4,221.0,1007.9,46.2,0.0,0.0,0.0
2020-02-17T07:00:00,8.2,4.9,79.89,0.0,0.0,,,,39.1,224.0,1007.8,64.9,7.0,0.0,0.0
2020-02-17T08:00:00,7.3,3.9,79.35,0.0,0.0,,,,36.2,241.0,1008.9,68.2,16.0,0.1,0.0
2020-02-17T09:00:00,6.7,4.1,83.32,0.0,0.0,,,,24.7,234.0,1009.4,46.9,66.0,0.2,1.0
2020-02-17T10:00:00,8.8,4.4,74.05,0.0,0.0,,,,29.7,232.0,1009.6,49.7,174.0,0.6,2.0
2020-02-17T11:00:00,7.8,4.5,79.89,0.0,0.0,,,,32.9,233.0,1010.1,66.9,143.0,0.5,1.0
2020-02-17T12:00:00,8.9,6.0,82.04,1.153,100.0,rain,,,28.5,226.0,1010.1,70.8,246.0,0.9,2.0
2020-02-17T13:00:00,9.8,6.2,78.69,0.0,0.0,,,,35.0,234.0,1010.1,75.9,356.0,1.3,4.0
2020-02-17T14:00:00,9.8,6.2,78.14,0.0,0.0,,,,32.2,236.0,1010.7,71.8,233.0,0.8,2.0
2020-02-17T15:00:00,7.7,5.1,83.95,0.0,0.0,,,,25.3,243.0,1011.7,64.5,80.0,0.3,1.0
2020-02-17T16:00:00,8.5,6.1,84.67,0.0,0.0,,,,23.5,250.0,1012.7,56.3,104.0,0.4,1.0
2020-02-17T17:00:00,8.2,6.1,86.66,0.0,0.0,,,,19.7,252.0,1013.6,49.6,19.0,0.1,0.0
2020-02-17T18:00:00,8.0,5.6,84.7,0.136,100.0,rain,,,27.3,242.0,1014.7,59.8,5.0,0.0,0.0
2020-02-17T19:00:00,7.9,4.7,80.23,0.0,0.0,,,,24.4,244.0,1015.8,71.5,0.0,0.0,0.0
2020-02-17T20:00:00,7.1,3.6,78.39,0.0,0.0,,,,28.9,243.0,1016.6,36.6,0.0,0.0,0.0
2020-02-17T21:00:00,6.4,3.1,79.14,0.0,0.0,,,,21.2,260.0,1017.6,32.5,0.0,0.0,0.0
2020-02-17T22:00:00,6.3,2.7,77.95,0.0,0.0,,,,25.7,252.0,1018.6,40.0,0.0,0.0,0.0
2020-02-17T23:00:00,5.8,2.6,79.83,0.0,0.0,,,,23.0,250.0,1019.2,30.0,0.0,0.0,0.0
2020-02-18T00:00:00,5.9,2.8,80.28,0.0,0.0,,,,25.2,250.0,1019.9,10.0,0.0,0.0,0.0
2020-02-18T01:00:00,6.3,2.9,78.74,0.0,0.0,,,,22.8,249.0,1020.5,10.0,0.0,0.0,0.0
2020-02-18T02:00:00,6.2,2.8,78.6,0.0,0.0,,,,25.4,251.0,1020.7,10.0,0.0,0.0,0.0
2020-02-18T03:00:00,5.8,2.4,79.15,0.0,0.0,,,,22.5,243.0,1020.8,10.0,0.0,0.0,0.0
2020-02-18T04:00:00,5.8,2.6,79.95,0.0,0.0,,,,,249.0,1020.9,67.4,0.0,0.0,0.0
2020-02-18T05:00:00,5.5,2.6,82.06,0.0,0.0,,,,16.9,257.0,1021.3,10.0,0.0,0.0,0.0
2020-02-18T06:00:00,5.8,2.7,80.58,0.0,0.0,,,,17.8,250.0,1021.3,37.8,0.0,0.0,0.0
2020-02-18T07:00:00,5.9,3.2,83.34,0.0,0.0,,,,19.4,242.0,1021.6,10.0,5.0,0.0,0.0
2020-02-18T08:00:00,5.9,3.2,82.39,0.0,0.0,,,,17.8,243.0,1022.1,10.0,22.0,0.1,0.0
2020-02-18T09:00:00,7.3,3.8,78.42,0.0,0.0,,,,22.9,241.0,1022.4,14.4,62.0,0.2,1.0
2020-02-18T10:00:00,8.3,3.9,73.74,0.0,0.0,,,,24.6,242.0,1022.3,28.4,255.0,0.9,3.0
2020-02-18T11:00:00,9.0,4.8,74.92,0.0,0.0,,,,27.5,234.0,1022.1,50.0,316.0,1.1,3.0
2020-02-18T12:00:00,9.9,5.7,75.26,0.0,0.0,,,,33.8,234.0,1021.7,45.7,410.0,1.5,4.0
2020-02-18T13:00:00,10.4,6.1,74.47,0.0,0.0,,,,34.3,234.0,1021.2,67.6,357.0,1.3,4.0
2020-02-18T14:00:00,9.5,5.7,77.55,0.0,0.0,,,,35.3,226.0,1020.4,68.8,145.0,0.5,1.0
2020-02-18T15:00:00,8.6,6.0,83.64,0.0,0.0,,,,26.0,234.0,1019.8,61.1,102.0,0.4,1.0
2020-02-18T16:00:00,8.5,6.7,88.2,0.0,0.0,,,,32.6,225.0,1018.7,51.7,54.0,0.2,1.0
2020-02-18T17:00:00,8.8,6.6,85.76,0.0,0.0,,,,32.3,232.0,1018.0,58.7,35.0,0.1,0.0
2020-02-18T18:00:00,8.8,6.8,87.04,0.965,100.0,rain,,,36.8,232.0,1017.4,70.2,5.0,0.0,0.0
2020-02-18T19:00:00,8.4,6.8,89.59,0.0,0.0,,,,32.5,234.0,1016.6,63.1,0.0,0.0,0.0
2020-02-18T20:00:00,7.0,5.0,87.07,0.0,0.0,,,,22.2,250.0,1016.4,86.4,0.0,0.0,0.0
2020-02-18T21:00:00,6.8,4.8,86.93,0.0,0.0,,,,20.8,260.0,1016.4,86.2,0.0,0.0,0.0
2020-02-18T22:00:00,6.4,3.2,79.85,0.0,0.0,,,,27.1,261.0,1016.6,82.5,0.0,0.0,0.0
2020-02-18T23:00:00,5.6,3.0,83.23,0.0,0.0,,,,25.4,263.0,1016.8,49.8,0.0,0.0,0.0
2020-02-19T00:00:00,4.7,2.5,85.6,2.843,100.0,rain,,,19.7,270.0,1017.4,13.8,0.0,0.0,0.0
2020-02-19T01:00:00,4.5,2.2,85.03,0.0,0.0,,,,18.2,263.0,1018.2,10.0,0.0,0.0,0.0
2020-02-19T02:00:00,4.0,1.7,84.85,0.0,0.0,,,,15.6,270.0,1019.2,3.7,0.0,0.0,0.0
2020-02-19T03:00:00,4.0,0.9,80.09,0.0,0.0,,,,19.5,270.0,1019.9,6.8,0.0,0.0,0.0
2020-02-19T04:00:00,2.8,0.1,82.49,0.0,0.0,,,,13.5,262.0,1020.0,65.9,0.0,0.0,0.0
2020-02-19T05:00:00,2.6,0.3,84.72,0.0,0.0,,,,13.0,255.0,1021.0,57.0,0.0,0.0,0.0
2020-02-19T06:00:00,3.0,0.8,85.97,0.0,0.0,,,,14.7,261.0,1021.9,22.9,0.0,0.0,0.0
2020-02-19T07:00:00,3.0,0.9,86.2,0.0,0.0,,,,12.7,259.0,1022.2,78.8,7.0,0.0,0.0
2020-02-19T08:00:00,3.2,1.4,88.04,0.0,0.0,,,,10.0,265.0,1022.7,64.2,31.0,0.1,0.0
2020-02-19T09:00:00,4.9,2.7,85.46,0.0,0.0,,,,,250.0,1023.0,64.2,72.0,0.3,1.0
2020-02-19T10:00:00,5.9,3.4,83.51,0.0,0.0,,,,14.2,258.0,1023.0,89.4,103.0,0.4,1.0
2020-02-19T11:00:00,7.2,3.3,75.97,0.0,0.0,,,,23.3,243.0,1023.2,90.6,102.0,0.4,1.0
2020-02-19T12:00:00,7.0,4.3,83.15,0.028,100.0,rain,,,22.3,243.0,1023.2,88.6,101.0,0.4,1.0
2020-02-19T13:00:00,7.4,5.8,89.51,0.0,0.0,,,,13.1,233.0,1022.3,83.8,123.0,0.4,1.0
2020-02-19T14:00:00,7.8,6.5,91.46,0.0,0.0,,,,16.8,223.0,1021.4,81.5,107.0,0.4,1.0
2020-02-19T15:00:00,8.4,7.5,94.47,0.0,0.0,,,,19.0,212.0,1020.6,71.7,49.0,0.2,0.0
2020-02-19T16:00:00,8.5,7.9,96.19,0.0,0.0,,,,25.6,215.0,1019.7,71.2,32.0,0.1,0.0
2020-02-19T17:00:00,8.9,8.1,94.93,0.0,0.0,,,,25.1,215.0,1019.1,81.3,15.0,0.1,0.0
2020-02-19T18:00:00,9.0,8.0,93.24,1.114,100.0,rain,,,22.8,222.0,1018.5,83.1,5.0,0.0,0.0
2020-02-19T19:00:00,9.0,7.5,90.21,0.0,0.0,,,,25.6,224.0,1018.2,84.9,0.0,0.0,0.0
2020-02-19T20:00:00,9.0,7.5,90.1,0.0,0.0,,,,29.1,231.0,1017.6,89.2,0.0,0.0,0.0
2020-02-19T21:00:00,9.0,7.3,89.2,0.0,0.0,,,,26.3,224.0,1017.2,78.1,0.0,0.0,0.0
2020-02-19T22:00:00,9.0,7.5,90.55,0.0,0.0,,,,27.7,223.0,1016.7,68.8,0.0,0.0,0.0
2020-02-19T23:00:00,8.7,7.6,93.24,0.0,0.0,,,,25.3,222.0,1016.1,79.7,0.0,0.0,0.0
2020-02-20T00:00:00,8.9,7.7,,0.264,100.0,rain,,,28.9,215.0,1015.5,78.3,0.0,0.0,0.0
2020-02-20T01:00:00,8.9,7.7,92.1,0.0,0.0,,,,32.6,215.0,1015.1,80.1,0.0,0.0,0.0
2020-02-20T02:00:00,8.9,7.5,91.13,0.0,0.0,,,,29.4,214.0,1014.5,85.6,0.0,0.0,0.0
2020-02-20T03:00:00,8.9,7.5,90.59,0.0,0.0,,,,32.3,214.0,1013.6,80.9,0.0,0.0,0.0
2020-02-20T04:00:00,8.9,7.2,89.19,0.0,0.0,,,,32.2,221.0,1013.0,82.0,0.0,0.0,0.0
2020-02-20T05:00:00,8.5,7.5,93.1,0.0,0.0,,,,33.8,221.0,1012.7,61.9,0.0,0.0,0.0
2020-02-20T06:00:00,8.9,7.3,89.52,0.071,100.0,rain,,,35.8,214.0,1012.2,72.9,0.1,0.0,0.0
2020-02-20T07:00:00,8.9,7.3,89.77,0.0,0.0,,,,34.7,213.0,1011.5,76.8,38.3,0.1,0.0
2020-02-20T08:00:00,8.9,7.4,90.45,0.0,0.0,,,,37.7,213.0,1011.3,76.8,21.0,0.1,0.0
2020-02-20T09:00:00,9.0,7.6,90.65,0.0,0.0,,,,38.9,206.0,1011.1,80.9,40.0,0.1,0.0
2020-02-20T10:00:00,9.5,7.6,87.84,0.0,0.0,,,,43.3,205.0,1010.3,82.6,133.0,0.5,1.0
2020-02-20T11:00:00,9.8,7.3,84.76,0.0,0.0,,,,40.6,205.0,1009.5,86.4,110.0,0.4,1.0
2020-02-20T12:00:00,9.1,8.0,92.57,0.258,100.0,rain,,,45.4,205.0,1008.6,86.4,75.0,0.3,1.0
2020-02-20T13:00:00,9.1,8.5,96.29,0.0,0.0,,,,46.8,206.0,1007.5,86.2,55.0,0.2,1.0
2020-02-20T14:00:00,9.4,8.5,94.44,0.0,0.0,,,,39.9,235.0,1007.7,75.1,51.0,0.2,1.0
2020-02-20T15:00:00,6.3,4.3,87.34,0.0,0.0,,,,42.1,296.0,1010.7,61.5,44.0,0.2,0.0
2020-02-20T16:00:00,6.7,3.3,78.53,0.0,0.0,,,,24.2,272.0,1012.1,81.8,167.0,0.6,2.0
2020-02-20T17:00:00,5.3,2.3,81.4,0.0,0.0,,,,29.3,278.0,1014.1,51.3,54.0,0.2,1.0
2020-02-20T18:00:00,5.4,0.8,72.18,3.393,100.0,rain,,,26.9,271.0,1016.2,26.2,7.0,0.0,0.0
2020-02-20T19:00:00,4.9,0.8,74.72,0.0,0.0,,,,21.3,270.0,1018.2,10.9,0.0,0.0,0.0
2020-02-20T20:00:00,4.4,0.8,77.32,0.0,0.0,,,,17.7,262.0,1019.4,5.2,0.0,0.0,0.0
2020-02-20T21:00:00,3.6,0.7,81.7,0.0,0.0,,,,15.9,261.0,1020.9,10.3,0.0,0.0,0.0
2020-02-20T22:00:00,3.3,0.5,82.15,0.0,0.0,,,,13.6,260.0,1021.9,87.9,0.0,0.0,0.0
2020-02-20T23:00:00,3.2,0.4,82.04,0.0,0.0,,,,13.5,259.0,1022.9,94.2,0.0,0.0,0.0
2020-02-21T00:00:00,2.7,0.3,84.04,0.0,0.0,,,,14.6,257.0,1023.6,94.2,0.0,0.0,0.0
2020-02-21T01:00:00,2.8,0.6,85.47,0.0,0.0,,,,11.9,265.0,1024.4,94.8,0.0,0.0,0.0
2020-02-21T02:00:00,2.9,1.0,86.99,0.0,0.0,,,,10.4,265.0,1024.7,98.2,0.0,0.0,0.0
2020-02-21T03:00:00,3.4,1.4,86.96,0.0,0.0,,,,10.6,272.0,1024.9,99.0,0.0,0.0,0.0
2020-02-21T04:00:00,4.2,2.2,86.71,0.0,0.0,,,,16.3,250.0,1025.1,10.0,0.0,0.0,0.0
2020-02-21T05:00:00,4.9,2.9,86.48,0.0,0.0,,,,15.1,251.0,1025.2,61.6,0.0,0.0,0.0
2020-02-21T06:00:00,4.9,2.7,85.65,0.0,0.0,,,,13.5,250.0,1025.1,66.7,0.2,0.0,0.0
2020-02-21T07:00:00,5.9,3.7,85.91,0.0,0.0,,,,17.4,250.0,1025.1,50.3,5.0,0.0,0.0
2020-02-21T08:00:00,7.1,4.7,84.58,0.0,0.0,,,,17.2,240.0,1025.3,66.6,26.0,0.1,0.0
2020-02-21T09:00:00,7.8,4.8,81.12,0.0,0.0,,,,23.8,232.0,1025.6,59.1,92.0,0.3,1.0
2020-02-21T10:00:00,8.8,5.5,79.34,0.0,0.0,,,,24.6,232.0,1025.5,75.2,211.0,0.8,2.0
2020-02-21T11:00:00,9.5,5.6,76.75,0.0,0.0,,,,28.3,227.0,1025.6,55.6,312.0,1.1,3.0
2020-02-21T12:00:00,9.6,6.0,78.68,0.0,0.0,,,,30.3,226.0,1025.1,82.6,270.0,1.0,3.0
2020-02-21T13:00:00,9.6,5.9,78.01,0.0,0.0,,,,31.5,225.0,1024.4,86.4,206.0,0.7,2.0
2020-02-21T14:00:00,9.9,6.1,77.35,0.0,0.0,,,,33.2,226.0,1024.3,91.3,190.0,0.7,2.0
2020-02-21T15:00:00,9.5,6.2,79.58,0.0,0.0,,,,30.3,226.0,1023.8,93.8,115.0,0.4,1.0
2020-02-21T16:00:00,9.2,6.3,82.2,0.0,0.0,,,,30.1,216.0,1023.8,98.6,52.0,0.2,1.0
2020-02-21T17:00:00,9.2,6.7,84.42,0.0,0.0,,,,30.2,217.0,1023.3,93.0,34.0,0.1,0.0
2020-02-21T18:00:00,9.1,6.8,85.42,0.0,0.0,,,,30.0,225.0,1023.8,90.5,5.0,0.0,0.0
2020-02-21T19:00:00,9.5,6.5,82.01,0.0,,,,,37.2,225.0,1023.2,92.6,0.0,0.0,0.0
2020-02-21T20:00:00,9.5,6.4,80.92,0.0,0.0,,,,33.2,225.0,1023.2,96.2,0.0,0.0,0.0
2020-02-21T21:00:00,9.4,6.2,80.39,0.0,0.0,,,,34.6,225.0,1022.7,94.3,0.0,0.0,0.0
2020-02-21T22:00:00,9.1,6.2,81.95,0.0,0.0,,,,42.8,224.0,1021.9,93.6,0.0,0.0,0.0
2020-02-21T23:00:00,9.1,6.5,83.25,0.0,0.0,,,,39.7,226.0,1021.9,94.8,0.0,0.0,0.0
2020-02-22T00:00:00,9.1,6.3,82.67,0.0,0.0,,,,39.1,224.0,1021.4,98.7,0.0,0.0,0.0
2020-02-22T01:00:00,9.0,6.3,83.45,0.0,0.0,,,,36.7,224.0,1020.8,92.4,0.0,0.0,0.0
2020-02-22T02:00:00,9.1,6.6,84.33,0.0,0.0,,,,41.4,225.0,1019.5,94.0,0.0,0.0,0.0
2020-02-22T03:00:00,9.1,6.5,84.07,0.0,0.0,,,,37.6,224.0,1019.2,90.0,0.0,0.0,0.0
2020-02-22T04:00:00,9.1,6.7,84.86,0.0,0.0,,,,40.1,225.0,1018.5,87.5,0.0,0.0,0.0
2020-02-22T05:00:00,9.5,7.0,84.9,0.0,0.0,,,,42.8,225.0,1018.5,96.0,0.0,0.0,0.0
2020-02-22T06:00:00,9.6,7.2,84.81,0.0,0.0,,,,40.1,233.0,1018.9,94.2,0.1,0.0,0.0
2020-02-22T07:00:00,9.6,7.5,86.55,0.0,0.0,,,,36.8,233.0,1018.8,96.4,16.2,0.1,0.0
2020-02-22T08:00:00,9.7,8.0,89.34,0.0,0.0,,,,35.6,226.0,1019.1,97.8,7.0,0.0,0.0
2020-02-22T09:00:00,10.1,8.6,89.98,0.0,0.0,,,,37.7,233.0,1019.0,99.2,25.0,0.1,0.0
2020-02-22T10:00:00,10.2,9.1,93.14,0.0,0.0,,,,36.6,241.0,1019.3,93.4,46.0,0.2,0.0
2020-02-22T11:00:00,10.5,9.4,92.93,0.0,0.0,,,,37.7,236.0,1019.9,82.0,118.0,0.4,1.0
2020-02-22T12:00:00,11.0,10.0,93.59,0.07,100.0,rain,,,37.8,243.0,,89.2,163.0,0.6,2.0
2020-02-22T13:00:00,10.8,9.6,92.08,0.0,0.0,,,,33.7,251.0,1020.6,73.5,150.0,0.5,2.0
2020-02-22T14:00:00,11.7,9.9,88.8,0.0,0.0,,,,30.1,245.0,1020.2,71.7,356.0,1.3,4.0
2020-02-22T15:00:00,11.3,8.9,85.26,0.0,0.0,,,,28.7,252.0,1020.7,82.5,226.0,0.8,2.0
2020-02-22T16:00:00,10.8,8.3,84.36,0.0,0.0,,,,33.2,245.0,1021.2,80.4,115.0,0.4,1.0
2020-02-22T17:00:00,10.3,8.1,86.16,0.0,0.0,,,,30.2,246.0,1021.9,87.6,23.0,0.1,0.0
2020-02-22T18:00:00,10.1,8.0,87.18,0.619,100.0,rain,,,28.3,245.0,1022.6,84.8,5.0,0.0,0.0
2020-02-22T19:00:00,9.7,7.8,88.03,0.0,0.0,,,,28.6,244.0,1022.8,87.4,0.0,0.0,0.0
2020-02-22T20:00:00,9.6,7.9,89.45,0.0,0.0,,,,29.0,236.0,1023.0,82.7,0.0,0.0,0.0
2020-02-22T21:00:00,9.6,8.1,90.66,0.0,0.0,,,,26.2,236.0,1023.1,87.6,0.0,0.0,0.0
2020-02-22T22:00:00,9.6,8.0,89.76,0.0,0.0,,,,25.7,235.0,1023.0,89.3,0.0,0.0,0.0
2020-02-22T23:00:00,9.6,8.1,90.67,0.0,0.0,,,,22.8,234.0,1022.8,87.7,0.0,0.0,0.0
2020-02-23T00:00:00,9.5,8.3,91.98,0.0,0.0,,,,25.5,226.0,1022.1,84.2,0.0,0.0,0.0
2020-02-23T01:00:00,9.6,8.4,92.72,0.0,0.0,,,,28.4,225.0,1021.5,90.0,0.0,0.0,0.0
2020-02-23T02:00:00,9.6,8.8,94.65,0.0,0.0,,,,27.8,215.0,1019.6,85.7,0.0,0.0,0.0
2020-02-23T03:00:00,9.9,9.5,97.27,0.0,0.0,,,,31.7,213.0,1017.6,89.2,0.0,0.0,0.0
2020-02-23T04:00:00,10.5,10.1,97.21,0.0,0.0,,,,42.7,223.0,1016.2,97.8,0.0,0.0,0.0
2020-02-23T05:00:00,10.6,9.9,95.47,0.0,0.0,,,,40.8,224.0,1015.4,97.8,0.0,0.0,0.0
2020-02-23T06:00:00,10.6,10.1,96.72,0.371,100.0,rain,,,44.0,232.0,1014.8,94.4,0.3,0.0,0.0
2020-02-23T07:00:00,10.6,10.1,96.64,0.0,0.0,,,,46.0,241.0,1014.3,98.6,27.1,0.1,0.0
2020-02-23T08:00:00,10.6,10.1,96.63,0.0,0.0,,,,42.1,272.0,1014.8,92.6,8.0,0.0,0.0
2020-02-23T09:00:00,10.6,10.1,96.63,0.0,0.0,,,,39.2,285.0,1014.7,94.8,22.0,0.1,0.0
2020-02-23T10:00:00,10.8,10.4,97.18,0.0,0.0,,,,41.2,285.0,1014.9,95.7,35.0,0.1,0.0
2020-02-23T11:00:00,11.3,10.4,94.61,0.0,0.0,,,,38.9,287.0,1015.2,94.0,62.0,0.2,1.0
2020-02-23T12:00:00,11.4,10.5,94.32,0.271,100.0,rain,,,38.1,288.0,1015.5,82.9,154.0,0.6,2.0
2020-02-23T13:00:00,12.2,10.9,91.45,0.0,0.0,,,,37.6,290.0,1016.0,78.8,226.0,0.8,2.0
2020-02-23T14:00:00,11.8,10.2,89.56,0.0,0.0,,,,29.4,308.0,1017.0,73.4,114.0,0.4,1.0
2020-02-23T15:00:00,13.0,7.1,67.74,0.0,0.0,,,,33.0,325.0,1017.9,37.6,246.0,0.9,2.0
2020-02-23T16:00:00,12.7,6.1,64.14,0.0,0.0,,,,26.8,337.0,1019.4,64.4,160.0,0.6,2.0
2020-02-23T17:00:00,11.4,5.9,69.18,0.0,0.0,,,,17.3,347.0,1020.9,75.4,30.0,0.1,0.0
2020-02-23T18:00:00,10.3,4.0,65.04,0.007,100.0,rain,,,16.3,3.0,1022.4,85.4,7.0,0.0,0.0
2020-02-23T19:00:00,9.1,3.9,70.28,0.0,0.0,,,,8.7,354.0,1023.5,89.2,0.0,0.0,0.0
2020-02-23T20:00:00,8.4,5.0,78.82,0.0,0.0,,,,3.7,328.0,1024.1,91.3,0.0,0.0,0.0
2020-02-23T21:00:00,8.0,5.1,81.86,0.0,0.0,,,,2.3,320.0,1024.2,95.3,0.0,0.0,0.0
2020-02-23T22:00:00,7.8,4.5,79.78,0.0,0.0,,,,2.4,253.0,1024.4,100.0,0.0,0.0,0.0
2020-02-23T23:00:00,7.5,4.7,82.86,0.0,0.0,,,,4.6,281.0,1024.2,95.7,0.0,0.0,0.0
2020-02-24T00:00:00,7.4,4.8,83.51,0.193,100.0,rain,,,5.0,353.0,1023.9,96.5,0.0,0.0,0.0
2020-02-24T01:00:00,7.6,5.9,88.4,0.0,0.0,,,,6.8,26.0,1023.2,88.7,0.0,0.0,0.0
2020-02-24T02:00:00,6.8,6.0,94.47,0.0,0.0,,,,13.2,64.0,1022.4,79.9,0.0,0.0,0.0
2020-02-24T03:00:00,6.9,6.5,97.09,0.0,0.0,,,,15.0,52.0,1020.7,87.9,0.0,0.0,0.0
2020-02-24T04:00:00,7.3,7.1,98.0,0.0,0.0,,,,19.7,61.0,1018.9,94.8,0.0,0.0,0.0
2020-02-24T05:00:00,9.1,9.0,99.65,0.0,0.0,,,,17.3,21.0,1017.3,93.4,0.0,0.0,0.0
2020-02-24T06:00:00,9.8,9.6,98.61,2.583,100.0,rain,,,27.8,158.0,1016.1,93.6,0.6,0.0,0.0
2020-02-24T07:00:00,10.0,9.5,96.47,0.0,0.0,,,,34.9,172.0,1014.8,92.2,5.0,0.0,0.0
2020-02-24T08:00:00,10.0,9.2,94.6,0.0,0.0,,,,38.5,164.0,1013.5,85.2,12.0,0.0,0.0
2020-02-24T09:00:00,10.0,9.4,96.09,0.0,0.0,,,,37.2,173.0,1013.1,87.8,36.0,0.1,0.0
2020-02-24T10:00:00,10.0,9.5,96.67,0.0,0.0,,,,39.9,180.0,1012.3,92.2,87.0,0.3,1.0
2020-02-24T11:00:00,10.1,9.3,94.82,0.0,0.0,,,,44.2,180.0,1011.4,90.8,86.0,0.3,1.0
2020-02-24T12:00:00,9.7,9.1,96.42,0.387,100.0,rain,,,41.1,210.0,1010.5,92.7,55.0,0.2,1.0
2020-02-24T13:00:00,9.6,9.3,97.49,0.0,0.0,,,,37.8,209.0,1009.5,91.0,46.0,0.2,0.0
2020-02-24T14:00:00,9.7,9.3,97.31,0.0,0.0,,,,37.2,210.0,1008.8,90.1,40.0,0.1,0.0
2020-02-24T15:00:00,9.7,9.3,97.03,0.0,0.0,,,,38.0,210.0,1007.8,90.0,30.0,0.1,0.0
2020-02-24T16:00:00,10.1,9.3,94.84,0.0,0.0,,,,36.9,211.0,1007.0,97.8,21.0,0.1,0.0
2020-02-24T17:00:00,10.2,9.6,96.01,0.0,0.0,,,,33.6,212.0,1006.5,87.1,10.0,0.0,0.0
2020-02-24T18:00:00,10.2,9.6,95.88,3.244,100.0,rain,,,33.0,212.0,1006.5,88.8,7.0,0.0,0.0
2020-02-24T19:00:00,10.1,9.2,93.7,0.0,0.0,,,,27.7,223.0,1006.6,77.0,0.0,0.0,0.0
2020-02-24T20:00:00,9.9,8.2,89.12,0.0,0.0,,,,26.6,224.0,1006.6,70.1,0.0,0.0,0.0
2020-02-24T21:00:00,9.4,6.8,83.99,0.0,0.0,,,,22.3,239.0,1006.8,85.8,0.0,0.0,0.0
2020-02-24T22:00:00,8.4,4.8,78.18,0.0,0.0,,,,15.8,256.0,1006.8,60.7,0.0,0.0,0.0
2020-02-24T23:00:00,7.2,4.1,80.73,0.0,0.0,,,,16.8,247.0,1006.7,28.5,0.0,0.0,0.0
2020-02-25T00:00:00,6.2,3.5,83.04,0.0,0.0,,,,10.5,230.0,1006.5,56.0,0.0,0.0,0.0
2020-02-25T01:00:00,5.8,3.7,86.58,0.0,0.0,,,,4.9,265.0,1006.4,22.1,0.0,0.0,0.0
2020-02-25T02:00:00,6.5,4.5,87.13,0.0,0.0,,,,17.6,302.0,1006.2,58.3,0.0,0.0,0.0
2020-02-25T03:00:00,6.6,4.6,87.14,0.0,0.0,,,,16.8,304.0,1005.7,63.1,0.0,0.0,0.0
2020-02-25T04:00:00,6.1,3.9,85.76,0.0,0.0,,,,13.8,304.0,1005.4,46.6,0.0,0.0,0.0
2020-02-25T05:00:00,5.1,3.2,87.29,0.0,0.0,,,,16.0,312.0,1005.3,23.1,0.0,0.0,0.0
2020-02-25T06:00:00,4.2,2.5,88.51,0.0,0.0,,,,11.5,301.0,1005.0,14.9,1.3,0.0,0.0
2020-02-25T07:00:00,4.6,3.2,90.07,0.0,0.0,,,,14.9,293.0,1004.5,58.1,9.0,0.0,0.0
2020-02-25T08:00:00,6.6,4.1,83.66,0.0,0.0,,,,21.8,287.0,1003.8,53.8,46.0,0.2,0.0
2020-02-25T09:00:00,7.3,4.1,80.2,0.0,0.0,,,,16.5,303.0,1003.5,45.7,78.0,0.3,1.0
2020-02-25T10:00:00,8.0,4.2,77.14,0.0,0.0,,,,19.7,255.0,1002.7,70.1,169.0,0.6,2.0
2020-02-25T11:00:00,8.0,4.3,77.37,0.0,0.0,,,,18.1,262.0,1001.9,64.7,253.0,0.9,3.0
2020-02-25T12:00:00,6.2,3.5,82.7,2.232,100.0,rain,,,23.8,297.0,1001.5,76.4,186.0,0.7,2.0
2020-02-25T13:00:00,7.9,4.7,80.06,0.0,0.0,,,,23.8,288.0,1000.5,73.9,341.0,1.2,3.0
2020-02-25T14:00:00,8.0,3.7,74.53,0.0,0.0,,,,24.5,292.0,999.7,45.3,287.0,1.0,3.0
2020-02-25T15:00:00,7.8,2.2,67.65,0.0,0.0,,,,27.8,300.0,999.0,62.7,176.0,0.6,2.0
2020-02-25T16:00:00,5.2,3.0,85.76,0.0,0.0,,,,21.3,303.0,998.4,78.8,33.0,0.1,0.0
2020-02-25T17:00:00,4.8,3.4,90.52,0.0,0.0,,,,24.0,316.0,997.3,60.0,42.0,0.2,0.0
2020-02-25T18:00:00,4.4,2.2,85.31,2.835,100.0,rain,,,25.0,304.0,997.5,75.6,13.0,0.0,0.0
2020-02-25T19:00:00,4.0,1.7,85.32,0.0,0.0,,,,18.0,305.0,997.6,47.0,0.0,0.0,0.0
2020-02-25T20:00:00,3.9,0.8,80.24,0.0,0.0,,,,27.3,306.0,997.3,42.1,0.0,0.0,0.0
2020-02-25T21:00:00,3.2,0.1,80.43,0.0,0.0,,,,23.6,314.0,997.7,44.6,0.0,0.0,0.0
2020-02-25T22:00:00,3.0,0.4,82.97,0.0,0.0,,,,26.1,314.0,997.9,24.3,0.0,0.0,0.0
2020-02-25T23:00:00,2.6,0.4,85.64,0.0,0.0,,,,27.0,306.0,998.0,22.0,0.0,0.0,0.0
2020-02-26T00:00:00,2.6,0.4,85.43,0.006,100.0,rain,,,22.6,307.0,998.3,40.9,0.0,0.0,0.0
2020-02-26T01:00:00,2.6,0.2,84.3,0.0,0.0,,,,24.1,314.0,998.9,44.3,0.0,0.0,0.0
2020-02-26T02:00:00,2.4,-0.3,82.26,0.0,0.0,,,,21.2,314.0,999.2,35.8,0.0,0.0,0.0
2020-02-26T03:00:00,2.0,-0.7,82.17,0.0,0.0,,,,16.7,314.0,999.5,41.5,0.0,0.0,0.0
2020-02-26T04:00:00,1.6,-0.5,85.94,0.0,0.0,,,,15.4,307.0,999.8,77.1,0.0,0.0,0.0
2020-02-26T05:00:00,1.5,-0.7,85.31,0.0,0.0,,,,20.4,315.0,1000.6,60.0,0.0,0.0,0.0
2020-02-26T06:00:00,1.5,-1.0,83.78,0.0,0.0,,,,19.0,314.0,1001.3,10.0,1.6,0.0,0.0
2020-02-26T07:00:00,0.7,-1.5,84.81,0.0,0.0,,,,16.7,308.0,1002.3,32.5,8.0,0.0,0.0
2020-02-26T08:00:00,2.1,-0.7,81.63,0.0,0.0,,,,17.9,315.0,1003.3,30.0,23.0,0.1,0.0
2020-02-26T09:00:00,4.4,0.5,75.81,0.0,0.0,,,,24.1,331.0,1004.3,44.0,55.0,0.2,1.0
2020-02-26T10:00:00,5.8,0.9,70.97,0.0,0.0,,,,30.9,335.0,1004.9,58.7,322.0,1.2,3.0
2020-02-26T11:00:00,6.6,0.4,64.89,0.0,0.0,,,,28.0,345.0,1005.6,55.4,465.0,1.7,5.0
2020-02-26T12:00:00,7.7,0.6,60.79,0.0,0.0,,,,22.7,300.0,1006.2,61.2,558.0,2.0,6.0
2020-02-26T13:00:00,8.3,0.9,59.94,0.0,0.0,,,,29.0,290.0,1006.6,80.8,441.0,1.6,4.0
2020-02-26T14:00:00,8.3,0.4,57.67,0.0,0.0,,,,24.1,283.0,1006.9,69.8,363.0,1.3,4.0
2020-02-26T15:00:00,8.6,0.4,56.62,0.0,0.0,,,,25.3,291.0,1007.2,62.2,324.0,1.2,3.0
2020-02-26T16:00:00,7.7,0.2,59.0,0.0,0.0,,,,24.7,283.0,1008.0,46.0,169.0,0.6,2.0
2020-02-26T17:00:00,5.5,1.4,74.87,0.0,0.0,,,,16.3,284.0,1008.6,36.3,56.0,0.2,1.0
2020-02-26T18:00:00,4.1,0.0,74.74,0.52,100.0,rain,,,8.0,281.0,1009.0,41.4,13.0,0.0,0.0
2020-02-26T19:00:00,3.3,-0.4,76.61,0.0,0.0,,,,10.5,266.0,1009.3,36.8,0.0,0.0,0.0
2020-02-26T20:00:00,3.5,0.1,78.47,0.0,0.0,,,,13.6,267.0,1009.1,51.1,0.0,0.0,0.0
2020-02-26T21:00:00,3.2,0.0,79.47,0.0,0.0,,,,10.0,261.0,1008.8,82.7,0.0,0.0,0.0
2020-02-26T22:00:00,2.7,-0.4,80.33,0.0,0.0,,,,4.8,240.0,1008.3,88.8,0.0,0.0,0.0
2020-02-26T23:00:00,2.6,0.3,84.75,0.0,0.0,,,,4.2,9.0,1007.4,98.5,0.0,0.0,0.0
2020-02-27T00:00:00,2.7,0.7,86.64,0.0,0.0,,,,5.7,117.0,1005.9,99.2,0.0,0.0,0.0
2020-02-27T01:00:00,5.3,3.0,84.92,0.0,0.0,,,,18.0,181.0,1004.6,91.4,0.0,0.0,0.0
2020-02-27T02:00:00,5.4,3.4,86.64,0.0,0.0,,,,14.2,207.0,1002.9,84.1,0.0,0.0,0.0
2020-02-27T03:00:00,4.7,3.0,88.69,0.0,0.0,,,,19.9,199.0,1001.2,75.5,0.0,0.0,0.0
2020-02-27T04:00:00,5.2,4.2,93.15,0.0,0.0,,,,17.6,177.0,999.0,79.4,0.0,0.0,0.0
2020-02-27T05:00:00,5.1,3.9,91.95,0.0,0.0,,,,24.3,170.0,996.8,90.0,0.0,0.0,0.0
2020-02-27T06:00:00,4.8,3.6,92.45,5.531,100.0,rain,,,21.1,144.0,995.2,87.7,0.3,0.0,0.0
2020-02-27T07:00:00,3.9,2.7,91.79,0.0,0.0,,,,19.5,126.0,993.8,94.9,5.0,0.0,0.0
2020-02-27T08:00:00,3.4,2.6,94.32,0.0,0.0,,,,15.1,63.0,993.5,91.4,18.0,0.1,0.0
2020-02-27T09:00:00,3.4,2.7,94.8,0.0,0.0,,,,18.6,8.0,994.1,87.2,77.0,0.3,1.0
2020-02-27T10:00:00,3.7,2.8,93.73,0.0,0.0,,,,24.8,345.0,995.7,86.6,159.0,0.6,2.0
2020-02-27T11:00:00,3.9,2.7,91.53,0.0,0.0,,,,25.1,343.0,997.2,80.7,240.0,0.9,2.0
2020-02-27T12:00:00,5.1,3.0,86.33,5.747,100.0,rain,,,27.7,333.0,999.6,87.0,426.0,1.5,4.0
2020-02-27T13:00:00,5.8,2.1,76.7,0.0,0.0,,,,27.3,323.0,1001.6,76.7,361.0,1.3,4.0
2020-02-27T14:00:00,7.0,1.5,68.25,0.0,0.0,,,,30.6,314.0,1003.2,40.5,476.0,1.7,5.0
2020-02-27T15:00:00,7.4,0.1,59.53,0.0,0.0,,,,32.0,319.0,1004.9,55.7,333.0,1.2,3.0
2020-02-27T16:00:00,7.8,-1.6,51.52,0.0,0.0,,,,26.6,313.0,1006.8,27.2,262.0,0.9,3.0
2020-02-27T17:00:00,6.7,-1.2,57.08,0.0,0.0,,,,17.8,303.0,1008.6,38.0,51.0,0.2,1.0
2020-02-27T18:00:00,5.5,-2.1,58.39,0.0,0.0,,,,15.1,300.0,1010.2,10.0,11.0,0.0,0.0
2020-02-27T19:00:00,4.6,-1.7,63.55,0.0,0.0,,,,15.1,283.0,1012.0,2.2,0.0,0.0,0.0
2020-02-27T20:00:00,3.7,-1.9,66.73,0.0,0.0,,,,11.9,279.0,1013.0,6.9,0.0,0.0,0.0
2020-02-27T21:00:00,1.6,-0.9,82.93,0.0,0.0,,,,7.7,256.0,1014.2,25.8,0.0,0.0,0.0
2020-02-27T22:00:00,2.5,-1.2,76.68,0.0,0.0,,,,13.2,278.0,1015.0,50.0,0.0,0.0,0.0
2020-02-27T23:00:00,1.0,-1.8,81.05,0.0,0.0,,,,9.2,269.0,1015.6,10.0,0.0,0.0,0.0
2020-02-28T00:00:00,0.0,-2.4,84.08,0.0,0.0,,,,5.8,239.0,1015.8,95.9,0.0,0.0,0.0
2020-02-28T01:00:00,-0.9,-2.8,87.44,0.0,0.0,,,,7.2,279.0,1016.1,28.1,0.0,0.0,0.0
2020-02-28T02:00:00,-1.1,-2.4,91.03,0.0,0.0,,,,2.5,207.0,1016.1,67.1,0.0,0.0,0.0
2020-02-28T03:00:00,-0.1,-1.6,89.72,0.0,0.0,,,,3.8,54.0,1015.8,64.2,0.0,0.0,0.0
2020-02-28T04:00:00,-1.0,-2.5,89.9,0.0,0.0,,,,3.7,97.0,1015.3,94.6,0.0,0.0,0.0
2020-02-28T05:00:00,3.0,1.9,92.93,0.0,0.0,,,,10.9,147.0,1014.5,92.0,0.0,0.0,0.0
2020-02-28T06:00:00,5.4,2.5,81.28,0.0,0.0,,,,19.1,171.0,1013.8,97.9,0.9,0.0,0.0
2020-02-28T07:00:00,6.3,2.7,77.33,0.0,0.0,,,,25.0,179.0,1013.0,87.1,7.0,0.0,0.0
2020-02-28T08:00:00,6.5,3.4,80.93,0.0,0.0,,,,32.0,181.0,1012.3,87.9,22.0,0.1,0.0
2020-02-28T09:00:00,5.9,4.3,89.09,0.0,0.0,,,,33.2,192.0,1011.4,63.8,49.0,0.2,0.0
2020-02-28T10:00:00,6.2,4.8,90.54,0.0,0.0,,,,33.7,176.0,1010.0,68.5,78.0,0.3,1.0
2020-02-28T11:00:00,6.3,5.3,93.49,0.0,0.0,,,,34.1,166.0,1008.6,77.1,63.0,0.2,1.0
2020-02-28T12:00:00,6.4,5.9,96.58,3.72,100.0,rain,,,29.7,166.0,1007.1,86.4,42.0,0.2,0.0
2020-02-28T13:00:00,7.3,7.1,98.71,0.0,0.0,,,,35.2,183.0,1004.6,90.4,42.0,0.2,0.0
2020-02-28T14:00:00,8.7,8.3,97.56,0.0,0.0,,,,35.4,194.0,1002.9,94.9,37.0,0.1,0.0
2020-02-28T15:00:00,9.5,9.2,98.05,0.0,0.0,,,,37.8,203.0,1001.9,99.2,21.0,0.1,0.0
2020-02-28T16:00:00,10.0,9.6,97.53,0.0,0.0,,,,33.3,213.0,1001.1,97.1,22.0,0.1,0.0
2020-02-28T17:00:00,10.2,9.7,96.35,0.0,0.0,,,,35.3,216.0,1000.6,84.6,20.0,0.1,0.0
2020-02-28T18:00:00,10.2,9.4,94.37,5.131,100.0,rain,,,30.8,215.0,1000.3,85.7,7.0,0.0,0.0
2020-02-28T19:00:00,10.5,9.4,92.44,0.0,0.0,,,,34.0,213.0,999.7,92.1,0.0,0.0,0.0
2020-02-28T20:00:00,10.5,9.2,91.59,0.0,0.0,,,,32.8,213.0,999.0,94.3,0.0,0.0,0.0
2020-02-28T21:00:00,10.5,9.1,91.18,0.0,0.0,,,,33.7,207.0,998.2,91.7,0.0,0.0,0.0
2020-02-28T22:00:00,10.1,8.8,91.63,0.0,0.0,,,,30.3,213.0,997.6,89.2,0.0,0.0,0.0
2020-02-28T23:00:00,10.1,8.8,92.03,0.0,0.0,,,,33.0,206.0,996.5,93.0,0.0,0.0,0.0
2020-02-29T00:00:00,10.2,9.1,92.83,0.073,100.0,rain,,,36.4,196.0,995.2,82.0,0.0,0.0,0.0
2020-02-29T01:00:00,10.2,8.9,91.41,0.0,0.0,,,,36.2,204.0,994.2,85.4,0.0,0.0,0.0
2020-02-29T02:00:00,10.1,8.2,87.55,0.0,0.0,,,,36.5,196.0,992.8,79.6,0.0,0.0,0.0
2020-02-29T03:00:00,10.0,7.9,86.6,0.0,0.0,,,,36.1,195.0,990.8,79.7,0.0,0.0,0.0
2020-02-29T04:00:00,10.0,7.5,84.55,0.0,0.0,,,,37.2,193.0,989.0,88.3,0.0,0.0,0.0
2020-02-29T05:00:00,9.5,7.2,85.33,0.0,0.0,,,,35.2,178.0,987.6,87.8,0.0,,0.0
2020-02-29T06:00:00,9.1,7.1,87.56,0.335,100.0,rain,,,35.6,169.0,985.5,90.0,0.9,0.0,0.0
2020-02-29T07:00:00,8.9,7.2,88.88,0.0,0.0,,,,36.0,176.0,983.4,84.8,5.0,0.0,0.0
2020-02-29T08:00:00,7.3,6.5,94.69,0.0,0.0,,,,30.4,221.0,982.5,73.7,18.0,0.1,0.0
2020-02-29T09:00:00,6.0,4.8,91.89,0.0,0.0,,,,25.8,270.0,983.7,69.4,45.0,0.2,0.0
2020-02-29T10:00:00,6.4,5.1,91.37,0.0,0.0,,,,19.0,253.0,984.8,68.5,127.0,0.5,1.0
2020-02-29T11:00:00,7.4,3.9,78.47,0.0,0.0,,,,31.2,251.0,986.0,68.9,260.0,0.9,3.0
2020-02-29T12:00:00,8.3,1.6,62.73,5.368,100.0,rain,,,43.2,251.0,987.2,10.0,418.0,1.5,4.0
2020-02-29T13:00:00,8.3,0.7,58.52,0.0,0.0,,,,,251.0,987.8,18.3,414.0,1.5,4.0
2020-02-29T14:00:00,7.6,1.6,65.67,0.0,0.0,,,,47.0,233.0,988.1,34.9,533.0,1.9,5.0
2020-02-29T15:00:00,6.8,2.5,73.6,0.0,0.0,,,,43.1,240.0,988.5,24.8,208.0,0.7,2.0
2020-02-29T16:00:00,6.9,1.5,68.5,0.0,0.0,,,,46.9,241.0,988.6,48.5,260.0,0.9,3.0
2020-02-29T17:00:00,6.7,1.4,68.9,0.0,0.0,,,,38.4,241.0,989.0,22.0,83.0,0.3,1.0
2020-02-29T18:00:00,6.6,1.6,70.57,0.0,0.0,,,,42.5,231.0,989.1,25.5,12.0,0.0,0.0
2020-02-29T19:00:00,6.9,2.7,74.65,0.0,0.0,,,,37.5,222.0,989.0,54.8,0.0,0.0,0.0
2020-02-29T20:00:00,6.2,2.6,77.69,0.0,0.0,,,,36.8,233.0,989.5,28.3,0.0,0.0,0.0
2020-02-29T21:00:00,6.7,2.6,75.33,0.0,0.0,,,,33.9,232.0,989.7,27.5,0.0,0.0,0.0
2020-02-29T22:00:00,6.9,2.8,74.91,0.0,0.0,,,,40.7,232.0,989.7,32.8,0.0,0.0,0.0
2020-02-29T23:00:00,6.7,3.2,78.16,0.0,0.0,,,,38.4,231.0,989.8,48.2,0.0,0.0,0.0
2020-03-01T00:00:00,5.6,3.3,85.02,0.367,100.0,rain,,,30.7,231.0,989.9,22.2,0.0,0.0,0.0
2020-03-01T01:00:00,6.5,3.0,78.34,0.0,0.0,,,,31.8,238.0,989.8,40.9,0.0,0.0,0.0
2020-03-01T02:00:00,6.6,3.3,79.91,0.0,0.0,,,,30.5,241.0,989.8,45.7,0.0,0.0,0.0
2020-03-01T03:00:00,6.3,2.2,75.01,0.0,0.0,,,,29.3,249.0,990.1,53.7,0.0,0.0,0.0
2020-03-01T04:00:00,5.9,2.4,78.65,0.0,0.0,,,,30.1,248.0,990.0,47.6,0.0,0.0,0.0
2020-03-01T05:00:00,6.1,2.4,77.19,0.0,0.0,,,,27.6,250.0,990.2,39.2,0.0,0.0,0.0
2020-03-01T06:00:00,5.8,1.8,75.27,0.0,0.0,,,,26.8,247.0,990.4,46.9,3.6,0.0,0.0
2020-03-01T07:00:00,6.1,1.9,74.34,0.0,0.0,,,,31.0,241.0,990.2,33.5,6.0,0.0,0.0
2020-03-01T08:00:00,5.9,2.2,76.77,0.0,0.0,,,,20.9,250.0,990.6,60.0,39.0,0.1,0.0
2020-03-01T09:00:00,6.2,2.8,78.68,0.0,0.0,,,,32.7,234.0,991.2,10.0,90.0,0.3,1.0
2020-03-01T10:00:00,7.8,3.5,74.34,0.0,0.0,,,,28.0,236.0,991.0,54.9,388.0,1.4,4.0
2020-03-01T11:00:00,8.1,1.9,64.85,0.0,0.0,,,,30.9,242.0,991.1,41.0,326.0,1.2,3.0
2020-03-01T12:00:00,8.9,1.6,60.21,0.092,100.0,rain,,,29.4,235.0,990.9,48.8,362.0,1.3,4.0
2020-03-01T13:00:00,9.0,2.1,61.71,0.0,0.0,,,,31.3,235.0,990.7,20.2,529.0,1.9,5.0
2020-03-01T14:00:00,9.1,2.5,63.38,0.0,0.0,,,,29.7,235.0,990.5,58.4,475.0,1.7,5.0
2020-03-01T15:00:00,8.2,2.7,68.31,0.0,0.0,,,,30.1,233.0,990.4,33.4,363.0,1.3,4.0
2020-03-01T16:00:00,,3.0,69.65,0.0,0.0,,,,23.3,241.0,990.3,27.8,267.0,1.0,3.0
2020-03-01T17:00:00,7.9,2.7,70.04,0.0,0.0,,,,28.8,240.0,990.4,53.9,72.0,,1.0
2020-03-01T18:00:00,5.8,2.9,81.55,0.032,100.0,rain,,,17.3,255.0,990.7,45.1,10.0,0.0,0.0
2020-03-01T19:00:00,5.9,3.2,82.73,0.0,0.0,,,,25.9,232.0,991.2,42.3,0.0,0.0,0.0
2020-03-01T20:00:00,6.0,3.3,82.66,0.0,0.0,,,,22.0,227.0,990.6,10.0,0.0,0.0,0.0
2020-03-01T21:00:00,6.0,3.6,84.81,0.0,0.0,,,,17.5,219.0,990.2,37.8,0.0,0.0,0.0
2020-03-01T22:00:00,6.5,4.7,87.81,0.0,0.0,,,,13.6,215.0,989.7,71.6,0.0,0.0,0.0
2020-03-01T23:00:00,6.3,4.9,90.17,0.0,0.0,,,,14.7,193.0,988.5,84.6,0.0,0.0,0.0
2020-03-02T00:00:00,7.1,4.6,83.75,3.086,100.0,rain,,,28.3,199.0,987.6,55.2,0.0,0.0,0.0
2020-03-02T01:00:00,6.4,4.9,90.08,0.0,0.0,,,,23.9,180.0,986.5,65.0,0.0,0.0,0.0
2020-03-02T02:00:00,6.7,5.4,91.54,0.0,0.0,,,,23.6,173.0,985.4,79.7,0.0,0.0,0.0
2020-03-02T03:00:00,7.1,6.2,94.27,0.0,0.0,,,,18.9,219.0,984.4,78.5,0.0,0.0,0.0
2020-03-02T04:00:00,7.4,6.6,94.82,0.0,0.0,,,,20.7,233.0,983.8,52.7,0.0,0.0,0.0
2020-03-02T05:00:00,7.5,6.4,93.03,0.0,0.0,,,,15.9,244.0,984.1,82.1,0.0,0.0,0.0
2020-03-02T06:00:00,6.3,5.4,93.74,0.384,100.0,rain,,,3.1,331.0,984.3,85.7,4.2,0.0,0.0
2020-03-02T07:00:00,5.8,4.8,93.84,0.0,0.0,,,,5.5,287.0,984.8,86.6,11.0,0.0,0.0
2020-03-02T08:00:00,4.7,4.1,96.06,0.0,0.0,,,,6.9,304.0,985.5,78.4,47.0,0.2,0.0
2020-03-02T09:00:00,5.5,4.4,92.31,0.0,0.0,,,,17.8,326.0,986.4,97.9,101.0,0.4,1.0
2020-03-02T10:00:00,5.2,4.4,94.13,0.0,0.0,,,,19.8,331.0,987.7,79.7,199.0,0.7,2.0
2020-03-02T11:00:00,6.7,4.4,85.28,0.0,0.0,,,,20.2,338.0,989.1,72.9,353.0,1.3,4.0
2020-03-02T12:00:00,7.4,3.9,78.79,0.021,100.0,rain,,,17.6,330.0,990.3,65.0,368.0,1.3,4.0
2020-03-02T13:00:00,8.4,2.9,68.31,0.0,0.0,,,,23.0,306.0,991.1,44.0,536.0,1.9,5.0
2020-03-02T14:00:00,7.8,1.3,63.53,0.0,0.0,,,,19.7,302.0,991.7,29.0,431.0,1.6,4.0
2020-03-02T15:00:00,8.8,1.2,58.91,0.0,0.0,,,,19.7,291.0,992.6,46.8,151.0,0.5,2.0
2020-03-02T16:00:00,8.5,-0.5,53.17,0.0,0.0,,,,22.3,298.0,993.4,21.9,213.0,0.8,2.0
2020-03-02T17:00:00,8.0,-0.9,53.46,0.0,0.0,,,,20.8,272.0,994.4,27.6,90.0,0.3,1.0
2020-03-02T18:00:00,6.3,-1.9,55.48,0.0,0.0,,,,19.4,271.0,995.7,18.1,12.0,0.0,0.0
2020-03-02T19:00:00,4.3,-1.7,65.38,0.0,0.0,,,,11.2,270.0,996.8,10.0,0.0,0.0,0.0
2020-03-02T20:00:00,4.1,-1.5,66.52,0.0,0.0,,,,9.8,276.0,997.4,17.1,0.0,0.0,0.0
2020-03-02T21:00:00,3.2,-1.5,71.01,0.0,0.0,,,,7.0,275.0,998.1,13.9,0.0,0.0,0.0
2020-03-02T22:00:00,2.3,-1.6,75.42,0.0,0.0,,,,8.1,244.0,998.7,14.8,0.0,0.0,0.0
2020-03-02T23:00:00,1.3,-1.3,82.98,0.0,0.0,,,,10.5,257.0,999.0,18.4,0.0,0.0,0.0
2020-03-03T00:00:00,1.3,-1.0,84.57,0.018,100.0,"rain,snow",,,6.6,251.0,999.5,20.6,0.0,0.0,0.0
2020-03-03T01:00:00,1.3,-0.7,86.27,0.0,0.0,,,,3.8,280.0,999.6,23.3,0.0,0.0,0.0
2020-03-03T02:00:00,0.6,-0.8,90.16,0.0,0.0,,,,4.1,293.0,999.7,31.1,0.0,0.0,0.0
2020-03-03T03:00:00,0.6,-0.5,92.65,0.0,0.0,,,,3.9,294.0,999.7,,0.0,0.0,0.0
2020-03-03T04:00:00,0.1,-1.0,92.16,0.0,0.0,,,,5.1,281.0,1000.0,41.1,0.0,0.0,0.0
2020-03-03T05:00:00,-0.2,-1.1,93.74,0.0,0.0,,,,2.7,160.0,1000.0,28.6,0.0,0.0,0.0
2020-03-03T06:00:00,-1.1,-1.9,94.27,0.0,0.0,,,,4.7,293.0,999.8,22.4,4.6,0.0,0.0
2020-03-03T07:00:00,0.6,0.1,96.07,0.0,0.0,,,,3.4,235.0,1000.1,10.0,14.0,0.1,0.0
2020-03-03T08:00:00,1.5,1.0,96.68,0.0,0.0,,,,4.6,239.0,1000.4,15.8,44.0,0.2,0.0
2020-03-03T09:00:00,5.2,4.1,92.43,0.0,0.0,,,,4.3,227.0,1000.7,10.0,105.0,0.4,1.0
2020-03-03T10:00:00,6.3,3.1,79.91,0.0,0.0,,,,10.1,252.0,1001.1,10.0,182.0,0.7,2.0
2020-03-03T11:00:00,8.0,2.9,70.24,0.0,0.0,,,,16.6,252.0,1001.7,71.8,458.1,1.6,5.0
2020-03-03T12:00:00,9.0,4.1,71.42,0.0,0.0,,,,19.9,240.0,1002.1,60.2,603.0,2.2,6.0
2020-03-03T13:00:00,9.1,1.8,60.36,0.0,0.0,,,,21.1,269.0,1002.4,59.4,322.0,1.2,3.0
2020-03-03T14:00:00,9.3,2.5,62.34,0.0,,,,,19.3,277.0,1002.7,77.7,263.0,0.9,3.0
2020-03-03T15:00:00,9.4,3.1,65.0,0.0,0.0,,,,18.8,273.0,1003.9,67.9,245.0,0.9,2.0
2020-03-03T16:00:00,9.0,3.4,67.74,0.0,0.0,,,,22.0,294.0,1004.6,76.4,206.0,0.7,2.0
2020-03-03T17:00:00,8.6,2.9,67.63,0.0,0.0,,,,13.1,296.0,1005.7,42.3,60.0,0.2,1.0
2020-03-03T18:00:00,7.5,2.4,69.9,0.037,100.0,rain,,,13.6,287.0,1006.9,63.5,12.0,0.0,0.0
2020-03-03T19:00:00,5.3,1.5,76.73,0.0,0.0,,,,7.5,276.0,1007.9,30.4,0.0,0.0,0.0
2020-03-03T20:00:00,3.1,-0.3,78.44,0.0,0.0,,,,9.1,263.0,1008.4,10.0,0.0,0.0,0.0
2020-03-03T21:00:00,3.5,1.3,85.16,0.0,0.0,,,,13.2,262.0,1009.5,26.0,0.0,0.0,0.0
2020-03-03T22:00:00,3.1,1.4,88.5,0.0,0.0,,,,8.9,277.0,1010.2,10.0,0.0,0.0,0.0
2020-03-03T23:00:00,2.4,0.8,89.29,0.0,0.0,,,,4.6,167.0,1010.5,28.9,0.0,0.0,0.0
2020-03-04T00:00:00,3.0,1.2,88.07,0.0,0.0,,,,4.3,191.0,1011.0,51.4,0.0,0.0,0.0
2020-03-04T01:00:00,1.5,0.1,90.5,0.0,0.0,,,,8.6,258.0,1011.2,84.4,0.0,0.0,0.0
2020-03-04T02:00:00,0.5,-0.8,90.95,0.0,0.0,,,,2.7,339.0,1011.2,80.6,0.0,0.0,0.0
2020-03-04T03:00:00,-0.5,-1.4,93.42,0.0,0.0,,,,2.1,226.0,1010.9,75.8,0.0,0.0,0.0
2020-03-04T04:00:00,-0.7,-1.5,94.72,0.0,0.0,,,,2.1,34.0,1010.8,92.6,0.0,0.0,0.0
2020-03-04T05:00:00,0.2,-0.3,96.86,0.0,0.0,,,,3.3,80.0,1010.6,98.3,0.0,0.0,0.0
2020-03-04T06:00:00,0.2,0.0,98.17,0.0,0.0,,,,2.0,26.0,1010.3,98.6,3.3,0.0,0.0
2020-03-04T07:00:00,1.1,1.0,98.68,0.0,0.0,,,,2.5,62.0,1010.4,98.7,10.0,0.0,0.0
2020-03-04T08:00:00,1.3,1.1,98.71,0.0,0.0,,,,2.1,70.0,1010.2,98.7,37.0,0.1,0.0
2020-03-04T09:00:00,5.0,4.9,99.02,0.0,0.0,,,,6.4,89.0,1009.7,97.5,92.0,0.3,1.0
2020-03-04T10:00:00,6.7,5.4,91.55,0.0,0.0,,,,10.0,174.0,1009.5,97.9,124.0,0.4,1.0
2020-03-04T11:00:00,7.6,4.9,83.13,0.0,0.0,,,,9.7,158.0,1009.1,89.3,159.0,0.6,2.0
2020-03-04T12:00:00,8.1,5.4,83.3,0.185,100.0,rain,,,13.9,130.0,1008.2,65.6,225.0,0.8,2.0
2020-03-04T13:00:00,7.7,4.8,82.25,0.0,0.0,,,,17.0,155.0,1007.2,65.4,158.0,0.6,2.0
2020-03-04T14:00:00,7.4,5.7,88.98,0.0,0.0,,,,19.5,145.0,1006.3,81.9,102.0,0.4,1.0
2020-03-04T15:00:00,7.0,5.8,92.29,0.0,0.0,,,,17.5,133.0,1005.4,69.6,109.0,0.4,1.0
2020-03-04T16:00:00,6.9,6.3,96.13,0.0,0.0,,,,20.1,122.0,1004.2,70.4,38.0,0.1,0.0
2020-03-04T17:00:00,6.9,6.5,97.48,0.0,0.0,,,,21.3,112.0,1003.2,75.4,17.0,0.1,0.0
2020-03-04T18:00:00,6.8,6.5,97.77,4.45,100.0,rain,,,24.1,100.0,1002.5,87.2,12.0,0.0,0.0
2020-03-04T19:00:00,7.2,6.9,97.87,0.0,0.0,,,,22.9,89.0,1001.7,92.2,0.0,0.0,0.0
2020-03-04T20:00:00,7.2,6.8,97.47,0.0,0.0,,,,9.9,23.0,1001.4,97.8,0.0,0.0,0.0
2020-03-04T21:00:00,6.7,6.4,97.44,0.0,0.0,,,,11.0,1.0,1001.8,96.4,0.0,0.0,0.0
2020-03-04T22:00:00,6.0,5.9,99.41,0.0,0.0,,,,13.5,1.0,1001.4,97.5,0.0,0.0,0.0
2020-03-04T23:00:00,6.0,5.8,98.84,0.0,0.0,,,,10.5,12.0,1001.2,98.7,0.0,0.0,0.0
2020-03-05T00:00:00,6.0,5.7,98.07,1.075,100.0,rain,,,10.7,32.0,1000.7,95.2,0.0,0.0,0.0
2020-03-05T01:00:00,5.9,5.3,96.0,0.0,0.0,,,,9.1,4.0,1000.2,98.7,0.0,0.0,0.0
2020-03-05T02:00:00,5.6,5.3,98.01,0.0,0.0,,,,13.2,35.0,999.5,98.7,0.0,0.0,0.0
2020-03-05T03:00:00,5.9,5.3,95.94,0.0,0.0,,,,12.5,30.0,998.0,92.2,0.0,0.0,0.0
2020-03-05T04:00:00,5.9,5.2,95.28,0.0,0.0,,,,16.7,45.0,996.7,91.0,0.0,0.0,0.0
2020-03-05T05:00:00,6.3,5.3,93.29,0.0,0.0,,,,18.6,45.0,995.5,90.8,0.0,0.0,0.0
2020-03-05T06:00:00,6.3,5.4,94.14,0.0,0.0,,,,17.0,45.0,994.7,88.7,1.0,0.0,0.0
2020-03-05T07:00:00,6.3,5.5,94.6,0.0,0.0,,,,14.8,53.0,993.5,98.7,5.0,0.0,0.0
2020-03-05T08:00:00,6.3,5.7,95.61,0.0,0.0,,,,21.0,53.0,992.4,97.5,13.0,0.0,0.0
2020-03-05T09:00:00,6.4,5.7,95.36,0.0,0.0,,,,23.6,44.0,991.3,91.4,19.0,0.1,0.0
2020-03-05T10:00:00,6.5,6.0,96.82,0.0,0.0,,,,23.8,36.0,990.2,93.1,21.0,0.1,0.0
2020-03-05T11:00:00,6.8,6.1,94.84,0.0,0.0,,,,29.9,28.0,988.8,91.6,40.0,0.1,0.0
2020-03-05T12:00:00,6.9,6.1,94.7,9.904,100.0,rain,,,29.7,25.0,987.9,73.8,42.0,0.2,0.0
2020-03-05T13:00:00,6.9,6.0,94.46,0.0,0.0,,,,29.4,10.0,986.9,75.1,69.0,0.2,1.0
2020-03-05T14:00:00,6.8,5.9,94.02,0.0,0.0,,,,34.2,10.0,986.8,91.4,86.0,0.3,1.0
2020-03-05T15:00:00,6.3,5.2,92.27,0.0,0.0,,,,32.4,7.0,987.5,85.9,45.0,0.2,0.0
2020-03-05T16:00:00,5.9,4.6,91.4,0.0,0.0,,,,32.0,357.0,988.5,76.1,27.0,0.1,0.0
2020-03-05T17:00:00,5.5,4.3,92.08,0.0,0.0,,,,33.5,356.0,989.7,74.8,27.0,0.1,0.0
2020-03-05T18:00:00,5.1,4.1,93.21,10.465,100.0,rain,,,28.6,347.0,991.5,81.1,8.0,0.0,0.0
2020-03-05T19:00:00,5.1,4.0,92.54,0.0,0.0,,,,27.0,345.0,993.0,83.1,0.0,0.0,0.0
2020-03-05T20:00:00,5.1,4.0,92.7,0.0,0.0,,,,23.2,336.0,994.1,86.4,0.0,0.0,0.0
2020-03-05T21:00:00,5.0,4.0,93.29,0.0,0.0,,,,19.7,334.0,995.0,93.0,0.0,0.0,0.0
2020-03-05T22:00:00,5.0,3.9,92.57,0.0,0.0,,,,19.1,325.0,996.0,87.9,0.0,0.0,0.0
2020-03-05T23:00:00,4.9,3.6,91.15,0.0,0.0,,,,21.5,323.0,996.7,86.4,0.0,0.0,0.0
2020-03-06T00:00:00,4.9,3.6,91.03,1.355,100.0,rain,,,21.4,315.0,997.4,79.7,0.0,0.0,0.0
2020-03-06T01:00:00,4.6,3.1,90.47,0.0,0.0,,,,17.9,320.0,997.6,79.3,0.0,0.0,0.0
2020-03-06T02:00:00,4.4,3.0,90.76,0.0,0.0,,,,17.3,332.0,997.8,80.2,0.0,0.0,0.0
2020-03-06T03:00:00,3.9,2.7,91.8,0.0,0.0,,,,14.4,325.0,998.1,69.7,0.0,0.0,0.0
2020-03-06T04:00:00,3.4,1.9,89.97,0.0,0.0,,,,11.7,325.0,998.6,82.3,0.0,0.0,0.0
2020-03-06T05:00:00,2.3,1.5,94.33,0.0,0.0,,,,8.9,318.0,999.6,90.7,0.0,0.0,0.0
2020-03-06T06:00:00,2.9,1.9,93.41,0.0,0.0,,,,10.2,323.0,1000.6,89.8,9.4,0.0,0.0
2020-03-06T07:00:00,2.4,1.3,92.53,0.0,0.0,,,,15.3,337.0,1001.2,100.0,11.0,0.0,0.0
2020-03-06T08:00:00,3.0,1.8,91.86,0.0,0.0,,,,15.5,333.0,1002.1,61.5,32.0,0.1,0.0
2020-03-06T09:00:00,4.6,2.8,87.98,0.0,0.0,,,,14.7,337.0,1003.2,10.0,89.0,0.3,1.0
2020-03-06T10:00:00,6.1,3.4,82.61,0.0,0.0,,,,17.6,341.0,1004.0,10.0,390.0,1.4,
2020-03-06T11:00:00,7.4,2.7,71.91,0.0,0.0,,,,15.4,339.0,1004.9,15.6,487.0,1.8,5.0
2020-03-06T12:00:00,8.4,1.5,61.58,0.0,0.0,,,,16.6,312.0,1005.7,39.5,562.0,2.0,6.0
2020-03-06T13:00:00,8.9,1.3,58.96,0.0,0.0,,,,15.6,307.0,1006.2,21.7,577.0,2.1,6.0
2020-03-06T14:00:00,9.6,0.5,53.32,0.0,0.0,,,,12.8,304.0,1006.7,48.6,461.0,1.7,5.0
2020-03-06T15:00:00,9.0,0.3,54.7,0.0,0.0,,,,12.3,321.0,1007.2,62.9,362.0,1.3,4.0
2020-03-06T16:00:00,8.5,0.3,56.28,0.0,0.0,,,,13.6,286.0,1007.9,64.4,117.0,0.4,1.0
2020-03-06T17:00:00,8.0,0.4,58.67,0.0,0.0,,,,11.7,294.0,1008.9,64.8,52.0,0.2,1.0
2020-03-06T18:00:00,5.7,0.1,67.16,0.0,0.0,,,,8.4,291.0,1010.0,34.8,15.0,0.1,0.0
2020-03-06T19:00:00,4.6,0.6,75.21,0.0,0.0,,,,5.4,321.0,1011.2,52.9,0.0,0.0,0.0
2020-03-06T20:00:00,3.5,0.9,82.73,0.0,0.0,,,,3.7,355.0,1012.0,90.0,0.0,0.0,0.0
2020-03-06T21:00:00,3.0,0.5,83.57,0.0,0.0,,,,7.0,256.0,1013.1,43.1,0.0,0.0,0.0
2020-03-06T22:00:00,2.6,0.3,84.93,0.0,0.0,,,,3.9,6.0,1014.0,12.2,0.0,0.0,0.0
2020-03-06T23:00:00,0.6,-1.0,88.66,0.0,0.0,,,,2.8,359.0,1014.7,10.8,0.0,0.0,0.0
2020-03-07T00:00:00,2.3,0.6,88.56,0.0,0.0,,,,3.9,338.0,1015.2,10.8,0.0,0.0,0.0
2020-03-07T01:00:00,1.2,-0.3,89.76,0.0,0.0,,,,4.0,352.0,1015.6,16.8,0.0,0.0,0.0
2020-03-07T02:00:00,0.8,-0.3,92.15,0.0,0.0,,,,3.2,6.0,1016.0,36.6,0.0,0.0,0.0
2020-03-07T03:00:00,1.2,0.4,94.33,0.0,0.0,,,,4.9,278.0,1016.3,41.9,0.0,0.0,0.0
2020-03-07T04:00:00,0.9,0.0,94.02,0.0,0.0,,,,7.7,262.0,1016.4,59.1,0.0,0.0,0.0
2020-03-07T05:00:00,1.1,0.4,94.94,0.0,0.0,,,,2.7,238.0,1016.7,70.0,0.0,0.0,0.0
2020-03-07T06:00:00,1.4,0.9,96.19,0.0,0.0,,,,5.8,239.0,1017.4,76.3,11.8,0.0,0.0
2020-03-07T07:00:00,2.5,2.0,96.16,0.0,0.0,,,,5.7,244.0,1017.6,75.6,11.0,0.0,0.0
2020-03-07T08:00:00,4.0,3.6,97.32,0.0,0.0,,,,5.6,249.0,1018.0,78.1,43.0,0.2,0.0
2020-03-07T09:00:00,5.7,4.7,93.3,0.0,0.0,,,,6.7,228.0,1018.2,85.9,94.0,0.3,1.0
2020-03-07T10:00:00,7.8,5.5,85.36,0.0,0.0,,,,14.4,215.0,1017.9,90.8,130.0,0.5,1.0
2020-03-07T11:00:00,8.6,6.0,84.22,0.0,0.0,,,,19.8,222.0,1018.1,95.8,149.0,0.5,1.0
2020-03-07T12:00:00,9.0,7.4,89.78,0.011,100.0,rain,,,19.9,222.0,1017.9,93.0,117.0,0.4,1.0
2020-03-07T13:00:00,9.3,8.5,94.54,0.0,0.0,,,,18.1,222.0,1017.4,84.5,90.0,0.3,1.0
2020-03-07T14:00:00,9.7,8.6,92.36,0.0,0.0,,,,18.2,224.0,1017.0,89.7,71.0,0.3,1.0
2020-03-07T15:00:00,9.9,8.7,92.67,0.0,0.0,,,,20.2,221.0,1016.6,86.7,67.0,0.2,1.0
2020-03-07T16:00:00,9.9,8.7,92.46,0.0,0.0,,,,21.5,222.0,1016.2,93.6,60.0,0.2,1.0
2020-03-07T17:00:00,9.7,8.5,92.0,0.0,0.0,,,,23.1,222.0,1016.0,83.0,38.0,0.1,0.0
2020-03-07T18:00:00,9.6,8.5,92.55,0.0,0.0,,,,24.6,214.0,,86.2,17.0,0.1,0.0
2020-03-07T19:00:00,9.2,8.1,92.47,0.0,0.0,,,,25.6,213.0,1015.6,91.3,0.0,0.0,0.0
2020-03-07T20:00:00,9.2,7.5,89.04,0.0,0.0,,,,25.7,221.0,1015.1,88.0,0.0,0.0,0.0
2020-03-07T21:00:00,9.2,7.3,88.03,0.0,0.0,,,,27.7,230.0,1014.8,96.5,0.0,0.0,0.0
2020-03-07T22:00:00,9.1,7.1,87.06,0.0,0.0,,,,24.2,221.0,1014.5,90.1,0.0,0.0,0.0
2020-03-07T23:00:00,9.6,6.9,83.3,0.0,0.0,,,,31.7,206.0,1013.6,90.0,0.0,0.0,0.0
2020-03-08T00:00:00,9.5,7.0,84.24,0.0,0.0,,,,30.3,196.0,1012.4,87.8,0.0,0.0,0.0
2020-03-08T01:00:00,9.5,6.7,82.49,0.0,0.0,,,,33.8,196.0,1011.3,86.6,0.0,0.0,0.0
2020-03-08T02:00:00,9.2,7.0,85.96,0.0,0.0,,,,34.7,198.0,1010.0,92.2,0.0,0.0,0.0
2020-03-08T03:00:00,9.1,7.3,88.55,0.0,0.0,,,,34.8,203.0,1008.7,94.3,0.0,0.0,0.0
2020-03-08T04:00:00,9.4,7.5,87.62,0.0,0.0,,,,39.3,205.0,1007.5,79.3,0.0,0.0,0.0
2020-03-08T05:00:00,9.0,8.0,93.18,0.0,0.0,,,,43.1,213.0,1007.1,86.2,0.0,0.0,0.0
2020-03-08T06:00:00,9.1,8.3,94.81,0.456,100.0,rain,,,42.3,214.0,1007.0,84.3,1.7,0.0,0.0
2020-03-08T07:00:00,9.1,8.5,95.69,0.0,0.0,,,,31.6,222.0,1007.3,80.7,12.0,0.0,0.0
2020-03-08T08:00:00,9.5,8.4,93.2,0.0,0.0,,,,25.1,230.0,1007.3,81.4,55.0,0.2,1.0
2020-03-08T09:00:00,10.0,8.1,88.46,0.0,0.0,,,,27.8,225.0,1007.6,83.0,102.0,0.4,1.0
2020-03-08T10:00:00,10.2,8.1,86.83,0.0,0.0,,,,27.4,226.0,1007.2,75.2,186.0,0.7,2.0
2020-03-08T11:00:00,10.7,8.3,85.15,0.0,0.0,,,,28.4,225.0,1007.2,48.7,416.0,1.5,4.0
2020-03-08T12:00:00,11.2,8.2,82.12,0.566,100.0,rain,,,27.1,218.0,1006.9,49.9,473.0,1.7,5.0
2020-03-08T13:00:00,9.7,6.0,77.3,0.0,0.0,,,,33.6,239.0,1006.8,60.0,309.0,1.1,3.0
2020-03-08T14:00:00,9.6,6.4,80.59,0.0,0.0,,,,26.3,235.0,1006.4,81.0,321.0,1.2,3.0
2020-03-08T15:00:00,10.6,6.9,77.78,0.0,0.0,,,,29.4,234.0,1006.2,61.1,406.0,1.5,4.0
2020-03-08T16:00:00,10.3,6.3,76.25,0.0,0.0,,,,23.0,243.0,1006.2,55.7,254.0,0.9,3.0
2020-03-08T17:00:00,9.4,5.7,77.7,0.0,0.0,,,,26.6,242.0,1006.8,22.2,80.0,0.3,1.0
2020-03-08T18:00:00,7.7,5.2,83.95,0.076,100.0,rain,,,20.6,256.0,1007.2,21.8,11.0,0.0,0.0
2020-03-08T19:00:00,7.8,5.9,87.5,0.0,0.0,,,,17.3,232.0,1007.4,47.3,0.0,0.0,0.0
2020-03-08T20:00:00,7.8,5.8,87.17,0.0,0.0,,,,20.3,247.0,1007.7,18.4,0.0,0.0,0.0
2020-03-08T21:00:00,7.8,6.0,88.55,0.0,0.0,,,,18.5,248.0,1007.9,38.9,0.0,0.0,0.0
2020-03-08T22:00:00,7.0,5.0,87.58,0.0,0.0,,,,14.7,250.0,1008.5,46.0,0.0,0.0,0.0
2020-03-08T23:00:00,5.8,3.9,87.52,0.0,0.0,,,,12.3,258.0,1008.9,40.0,0.0,0.0,0.0
