0,1,2,3,4,5,6,7,8,9,10,11,12,13,14,15
datetime,temp,dew,humidity,precip,precipprob,preciptype,snow,snowdepth,windspeed,winddir,sealevelpressure,cloudcover,solarradiation,solarenergy,uvindex
2020-06-25T00:00:00,18.2,13.3,72.95,0.0,0.0,,0.0,0.0,13.9,76.0,1019.9,0.0,0.0,0.0,0.0
2020-06-25T01:00:00,17.6,13.7,78.21,0.0,0.0,,0.0,0.0,11.2,80.0,1019.6,0.0,0.0,0.0,0.0
2020-06-25T02:00:00,17.1,13.7,80.37,0.0,0.0,,0.0,0.0,9.6,84.0,1019.4,0.0,0.0,0.0,0.0
2020-06-25T03:00:00,16.9,14.0,83.41,0.0,0.0,,0.0,0.0,8.7,87.0,1018.9,0.0,0.0,0.0,0.0
2020-06-25T04:00:00,16.0,13.5,85.15,0.0,0.0,,0.0,0.0,8.2,81.0,1018.6,0.0,1.2,0.0,0.0
2020-06-25T05:00:00,15.5,13.8,89.42,0.0,0.0,,0.0,0.0,9.4,74.0,1018.1,0.0,10.0,0.0,0.0
2020-06-25T06:00:00,17.0,14.4,84.81,0.0,0.0,,0.0,0.0,9.9,77.0,1017.8,0.0,82.0,0.3,1.0
2020-06-25T07:00:00,19.4,14.3,72.69,0.0,0.0,,0.0,0.0,11.2,85.0,1017.6,0.0,241.0,0.9,2.0
2020-06-25T08:00:00,21.4,14.2,63.36,0.0,0.0,,0.0,0.0,12.6,84.0,1017.6,7.2,400.0,1.4,4.0
2020-06-25T09:00:00,23.0,14.1,57.54,0.0,0.0,,0.0,0.0,14.3,97.0,1017.4,7.2,543.0,2.0,5.0
2020-06-25T10:00:00,24.2,14.5,54.53,0.0,0.0,,0.0,0.0,14.5,83.0,1017.1,7.2,663.0,2.4,7.0
2020-06-25T11:00:00,25.2,13.4,47.8,0.0,,,0.0,0.0,16.0,89.0,1017.0,7.2,760.0,2.7,8.0
2020-06-25T12:00:00,26.0,13.6,46.51,0.0,0.0,,0.0,0.0,14.4,102.0,1016.7,7.2,819.0,2.9,8.0
2020-06-25T13:00:00,26.6,13.3,43.72,0.0,0.0,,0.0,0.0,17.2,105.0,1016.2,11.5,835.0,3.0,8.0
2020-06-25T14:00:00,27.1,14.0,44.46,0.0,0.0,,0.0,0.0,17.9,117.0,1015.8,4.3,786.0,2.8,8.0
2020-06-25T15:00:00,27.3,13.0,41.46,0.0,0.0,,0.0,0.0,20.0,126.0,1015.4,0.0,282.0,1.0,3.0
2020-06-25T16:00:00,27.1,11.1,37.0,0.0,0.0,,0.0,0.0,23.8,132.0,1015.1,0.0,72.0,0.3,1.0
2020-06-25T17:00:00,26.8,11.0,37.29,0.0,0.0,,0.0,0.0,21.6,127.0,1014.7,0.0,47.0,0.2,0.0
2020-06-25T18:00:00,26.4,11.6,39.93,0.0,0.0,,0.0,0.0,21.4,117.0,1014.1,7.2,270.0,1.0,3.0
2020-06-25T19:00:00,25.7,12.5,43.92,0.0,0.0,,0.0,0.0,18.8,108.0,1013.9,7.2,126.0,0.5,1.0
2020-06-25T20:00:00,24.4,13.6,50.71,0.0,0.0,,0.0,0.0,14.3,101.0,1013.7,7.2,21.0,0.1,0.0
2020-06-25T21:00:00,22.4,13.8,58.41,0.0,0.0,,0.0,0.0,10.7,87.0,1013.6,7.2,10.0,0.0,0.0
2020-06-25T22:00:00,20.1,13.7,66.46,0.0,0.0,,0.0,0.0,11.2,73.0,1013.4,7.2,0.0,0.0,0.0
2020-06-25T23:00:00,18.8,13.8,72.63,0.0,0.0,,0.0,0.0,9.8,67.0,1012.9,7.2,0.0,0.0,0.0
2020-06-26T00:00:00,17.8,13.7,76.87,0.0,0.0,,0.0,0.0,6.6,66.0,1012.6,0.0,0.0,0.0,0.0
2020-06-26T01:00:00,16.8,13.8,82.13,0.0,0.0,,0.0,0.0,8.2,69.0,1012.0,0.0,0.0,0.0,0.0
2020-06-26T02:00:00,16.2,13.9,86.27,0.0,0.0,,0.0,0.0,8.5,64.0,1011.2,0.0,0.0,0.0,0.0
2020-06-26T03:00:00,16.2,14.2,87.97,0.0,0.0,,0.0,0.0,8.7,68.0,1010.4,5.7,0.0,0.0,0.0
2020-06-26T04:00:00,15.9,13.9,87.77,0.0,0.0,,0.0,0.0,8.4,76.0,1009.7,26.4,1.0,0.0,0.0
2020-06-26T05:00:00,15.9,14.2,89.49,0.0,0.0,,0.0,0.0,7.0,61.0,1009.2,40.5,20.0,0.1,0.0
2020-06-26T06:00:00,17.6,15.6,87.68,0.0,0.0,,0.0,0.0,9.3,185.0,1009.6,44.0,22.0,0.1,0.0
2020-06-26T07:00:00,18.2,16.0,86.57,0.564,100.0,rain,0.0,0.0,10.3,158.0,1009.8,78.4,36.0,0.1,0.0
2020-06-26T08:00:00,18.2,16.7,90.71,0.0,0.0,,0.0,0.0,12.6,230.0,1009.5,85.6,282.0,1.0,3.0
2020-06-26T09:00:00,20.7,17.8,83.74,0.186,100.0,rain,0.0,0.0,4.1,23.0,1009.0,45.2,489.0,1.8,5.0
2020-06-26T10:00:00,22.1,18.0,77.52,0.0,0.0,,0.0,0.0,7.3,192.0,1009.0,66.2,584.0,2.1,6.0
2020-06-26T11:00:00,24.6,16.8,61.77,0.0,0.0,,0.0,0.0,10.4,179.0,1008.8,43.8,678.0,2.4,7.0
2020-06-26T12:00:00,25.8,17.5,60.11,0.0,0.0,,0.0,0.0,14.6,172.0,1008.4,28.7,774.0,2.8,8.0
2020-06-26T13:00:00,26.2,17.5,58.6,1.095,100.0,rain,0.0,0.0,18.2,157.0,1008.5,24.9,620.0,2.2,6.0
2020-06-26T14:00:00,26.7,16.9,55.01,0.0,0.0,,0.0,0.0,19.2,161.0,1008.2,35.5,651.0,2.3,7.0
2020-06-26T15:00:00,27.3,17.8,55.98,0.0,0.0,,0.0,0.0,21.9,161.0,1007.8,20.2,361.0,1.3,4.0
2020-06-26T16:00:00,27.2,17.6,55.85,0.0,0.0,,0.0,0.0,19.4,165.0,1007.5,36.2,136.0,0.5,1.0
2020-06-26T17:00:00,27.6,17.3,53.3,0.0,0.0,,0.0,0.0,21.0,200.0,1006.7,29.5,67.0,0.2,1.0
2020-06-26T18:00:00,26.7,16.4,53.3,0.07,100.0,rain,0.0,0.0,20.6,192.0,1006.6,15.2,208.0,0.7,2.0
2020-06-26T19:00:00,26.2,15.7,52.42,0.0,0.0,,0.0,0.0,22.5,212.0,1006.7,23.4,143.0,0.5,1.0
2020-06-26T20:00:00,24.6,14.9,54.6,0.0,0.0,,0.0,0.0,17.6,201.0,1006.7,21.0,61.0,0.2,1.0
2020-06-26T21:00:00,22.8,14.3,58.92,0.0,0.0,,0.0,0.0,16.7,203.0,1007.0,37.3,24.0,0.1,0.0
2020-06-26T22:00:00,21.3,14.0,63.39,0.0,0.0,,0.0,0.0,17.6,212.0,1007.4,64.9,1.0,0.0,0.0
2020-06-26T23:00:00,19.5,14.0,70.82,0.068,100.0,rain,0.0,0.0,14.2,202.0,1007.4,44.7,0.0,0.0,0.0
2020-06-27T00:00:00,18.0,13.8,76.76,0.0,0.0,,0.0,0.0,14.5,204.0,1007.7,81.4,0.0,0.0,0.0
2020-06-27T01:00:00,16.5,13.6,83.09,0.0,0.0,,0.0,0.0,16.0,214.0,1007.4,14.6,0.0,0.0,0.0
2020-06-27T02:00:00,15.6,13.4,86.53,0.0,0.0,,0.0,0.0,13.1,207.0,1007.5,41.3,0.0,0.0,0.0
2020-06-27T03:00:00,15.4,13.2,86.99,0.0,0.0,,0.0,0.0,14.5,209.0,1007.5,68.0,0.0,0.0,0.0
2020-06-27T04:00:00,14.9,12.7,86.85,0.0,0.0,,0.0,0.0,11.4,205.0,1006.9,43.0,0.7,0.0,0.0
2020-06-27T05:00:00,15.2,13.1,87.34,0.0,,,0.0,0.0,12.1,182.0,1006.4,84.5,5.0,0.0,0.0
2020-06-27T06:00:00,15.6,13.8,89.03,0.0,0.0,,0.0,0.0,13.7,184.0,1006.1,90.0,44.0,0.2,0.0
2020-06-27T07:00:00,16.6,14.2,85.43,0.0,0.0,,0.0,0.0,16.2,185.0,1005.9,69.8,81.0,0.3,1.0
2020-06-27T08:00:00,16.6,14.3,85.8,0.0,0.0,,0.0,0.0,18.8,173.0,1005.3,78.6,52.0,0.2,1.0
2020-06-27T09:00:00,16.5,14.6,88.46,0.048,100.0,rain,0.0,0.0,18.8,178.0,1005.5,76.6,119.0,0.4,1.0
2020-06-27T10:00:00,16.8,14.5,86.07,0.0,0.0,,0.0,0.0,21.2,190.0,1005.2,70.5,160.0,0.6,2.0
2020-06-27T11:00:00,17.9,14.1,78.39,0.0,0.0,,0.0,0.0,25.1,192.0,1004.7,64.4,182.0,0.7,2.0
2020-06-27T12:00:00,18.5,14.1,75.43,0.0,0.0,,0.0,0.0,26.5,195.0,1004.1,67.5,170.0,0.6,2.0
2020-06-27T13:00:00,17.7,14.8,83.19,0.527,100.0,rain,0.0,0.0,25.9,188.0,1003.7,82.6,191.0,0.7,2.0
2020-06-27T14:00:00,18.9,15.4,80.27,0.014,100.0,rain,0.0,0.0,29.8,201.0,1003.2,69.7,271.0,1.0,3.0
2020-06-27T15:00:00,19.6,14.3,71.74,0.014,100.0,rain,0.0,0.0,31.7,204.0,1002.7,53.9,494.0,1.8,5.0
2020-06-27T16:00:00,20.1,12.2,60.37,0.0,0.0,,0.0,0.0,35.9,218.0,1002.9,73.5,212.0,0.8,2.0
2020-06-27T17:00:00,19.5,11.8,61.11,0.0,0.0,,0.0,0.0,34.9,225.0,1003.1,83.9,167.0,0.6,2.0
2020-06-27T18:00:00,18.7,11.9,64.79,0.0,0.0,,0.0,0.0,33.6,220.0,1003.3,86.4,130.0,0.5,1.0
2020-06-27T19:00:00,18.6,11.9,65.23,0.0,0.0,,0.0,0.0,33.0,216.0,1003.4,81.7,139.0,0.5,1.0
2020-06-27T20:00:00,17.6,11.7,68.38,0.0,0.0,,0.0,0.0,30.4,225.0,1003.5,43.3,66.0,0.2,1.0
2020-06-27T21:00:00,17.2,11.4,68.88,0.0,0.0,,0.0,0.0,28.8,222.0,1004.0,60.6,21.0,0.1,0.0
2020-06-27T22:00:00,16.3,10.9,70.43,0.0,0.0,,0.0,0.0,25.6,223.0,1004.7,75.2,7.0,0.0,0.0
2020-06-27T23:00:00,15.7,10.8,72.5,0.0,0.0,,0.0,0.0,23.9,227.0,1005.3,63.7,0.0,0.0,0.0
2020-06-28T00:00:00,14.9,10.5,75.02,0.0,0.0,,0.0,0.0,20.7,230.0,1005.5,82.6,0.0,0.0,0.0
2020-06-28T01:00:00,14.3,10.6,78.87,0.087,100.0,rain,0.0,0.0,21.5,230.0,1005.7,60.4,0.0,0.0,0.0
2020-06-28T02:00:00,14.0,10.6,80.34,0.0,0.0,,0.0,0.0,18.8,219.0,1005.8,44.4,0.0,0.0,0.0
2020-06-28T03:00:00,13.5,10.2,80.48,0.0,0.0,,0.0,0.0,21.6,220.0,1005.9,51.5,0.0,0.0,0.0
2020-06-28T04:00:00,12.8,9.8,81.96,0.0,0.0,,0.0,0.0,23.5,232.0,1006.3,41.5,1.0,0.0,0.0
2020-06-28T05:00:00,12.0,9.2,83.1,0.0,0.0,,0.0,0.0,19.9,232.0,1006.9,15.4,9.0,0.0,0.0
2020-06-28T06:00:00,12.1,9.0,81.49,0.0,0.0,,0.0,0.0,22.5,233.0,1007.3,22.8,79.0,0.3,1.0
2020-06-28T07:00:00,13.0,9.1,77.21,0.073,100.0,rain,0.0,0.0,25.0,231.0,1007.7,51.2,210.0,0.8,2.0
2020-06-28T08:00:00,14.5,9.6,72.44,0.0,0.0,,0.0,0.0,27.7,233.0,1008.3,64.0,155.0,0.6,2.0
2020-06-28T09:00:00,15.3,9.4,67.67,0.0,0.0,,0.0,0.0,30.2,237.0,1008.8,60.3,254.0,0.9,3.0
2020-06-28T10:00:00,16.5,9.1,61.65,0.0,0.0,,0.0,0.0,30.0,240.0,1009.1,59.8,463.0,1.7,5.0
2020-06-28T11:00:00,17.3,9.0,58.13,0.0,0.0,,0.0,0.0,33.1,243.0,1009.3,56.6,456.0,1.6,5.0
2020-06-28T12:00:00,18.2,8.2,52.09,0.0,0.0,,0.0,0.0,32.5,241.0,1008.9,44.4,524.0,1.9,5.0
2020-06-28T13:00:00,17.7,8.7,55.83,0.012,100.0,rain,0.0,0.0,31.5,243.0,1009.1,64.8,528.0,1.9,5.0
2020-06-28T14:00:00,17.6,9.8,60.1,0.0,0.0,,0.0,0.0,32.2,239.0,1008.9,64.8,455.0,1.6,5.0
2020-06-28T15:00:00,18.6,8.8,52.89,0.0,0.0,,0.0,0.0,33.3,238.0,1008.9,70.5,306.0,1.1,3.0
2020-06-28T16:00:00,18.4,8.5,52.54,0.0,0.0,,0.0,0.0,35.5,234.0,1009.0,64.7,141.0,0.5,1.0
2020-06-28T17:00:00,17.5,10.6,63.95,0.0,0.0,,0.0,0.0,31.2,232.0,1008.9,62.8,105.0,0.4,1.0
2020-06-28T18:00:00,17.0,10.3,64.7,0.0,0.0,,0.0,0.0,30.7,233.0,1008.8,56.4,111.0,0.4,1.0
2020-06-28T19:00:00,16.9,10.4,65.29,0.863,100.0,rain,0.0,0.0,27.2,233.0,1008.8,43.5,125.0,0.5,1.0
2020-06-28T20:00:00,15.5,10.2,70.83,0.0,0.0,,0.0,0.0,22.6,246.0,1009.0,56.6,25.0,0.1,0.0
2020-06-28T21:00:00,15.1,9.5,69.45,0.0,0.0,,0.0,0.0,20.6,239.0,1009.0,40.6,20.0,0.1,0.0
2020-06-28T22:00:00,14.0,9.7,75.29,0.0,0.0,,0.0,0.0,19.9,240.0,1009.2,39.9,5.0,0.0,
2020-06-28T23:00:00,14.0,9.1,72.07,0.0,0.0,,0.0,0.0,21.7,233.0,1009.1,90.0,0.0,0.0,0.0
2020-06-29T00:00:00,13.2,9.4,77.88,0.0,,,0.0,0.0,18.3,230.0,1008.9,52.7,0.0,0.0,0.0
2020-06-29T01:00:00,12.4,8.7,78.43,0.371,100.0,rain,0.0,0.0,18.5,232.0,1009.2,37.4,0.0,0.0,0.0
2020-06-29T02:00:00,12.0,8.5,79.4,0.0,0.0,,0.0,0.0,20.8,233.0,1009.0,34.9,0.0,0.0,0.0
2020-06-29T03:00:00,12.1,8.5,78.3,0.0,0.0,,0.0,0.0,20.9,231.0,1008.7,68.8,0.0,0.0,0.0
2020-06-29T04:00:00,11.6,8.1,79.22,0.0,0.0,,0.0,0.0,20.7,230.0,1008.5,34.3,1.0,0.0,0.0
2020-06-29T05:00:00,11.3,8.1,80.46,0.0,0.0,,0.0,0.0,18.4,224.0,1008.5,40.2,6.0,0.0,0.0
2020-06-29T06:00:00,12.1,8.4,77.89,0.0,0.0,,0.0,0.0,23.7,230.0,1008.3,69.5,34.0,0.1,0.0
2020-06-29T07:00:00,13.2,8.7,74.42,0.0,0.0,,0.0,0.0,26.9,230.0,1008.1,62.6,85.0,0.3,1.0
2020-06-29T08:00:00,13.7,8.4,70.7,0.0,0.0,,0.0,0.0,25.7,240.0,1008.1,80.8,109.0,0.4,1.0
2020-06-29T09:00:00,14.1,8.5,69.17,0.0,0.0,,0.0,0.0,30.1,240.0,1008.1,90.0,178.0,0.6,2.0
2020-06-29T10:00:00,14.8,8.7,66.89,0.0,0.0,,0.0,0.0,31.4,242.0,1008.3,90.0,313.0,1.1,3.0
2020-06-29T11:00:00,15.8,8.9,63.53,0.0,0.0,,,0.0,33.1,244.0,1008.2,84.2,396.0,1.4,4.0
2020-06-29T12:00:00,16.4,8.5,,0.0,0.0,,0.0,0.0,35.9,251.0,1008.2,81.5,258.0,0.9,3.0
2020-06-29T13:00:00,17.2,8.3,55.84,0.0,0.0,,0.0,0.0,34.4,250.0,1008.2,90.0,408.0,1.5,4.0
2020-06-29T14:00:00,17.8,7.4,50.65,0.0,0.0,,0.0,0.0,37.3,249.0,1008.0,85.6,395.0,1.4,4.0
2020-06-29T15:00:00,18.8,7.6,48.26,0.0,0.0,,0.0,0.0,34.9,246.0,1007.7,91.0,377.0,1.4,4.0
2020-06-29T16:00:00,18.1,8.0,51.92,0.0,0.0,,0.0,0.0,35.5,254.0,1007.6,92.8,205.0,0.7,2.0
2020-06-29T17:00:00,17.6,7.1,50.24,0.0,0.0,,0.0,0.0,35.8,255.0,1007.7,84.3,161.0,0.6,2.0
2020-06-29T18:00:00,17.1,7.5,53.5,0.0,0.0,,0.0,0.0,33.0,256.0,1007.7,97.2,108.0,0.4,1.0
2020-06-29T19:00:00,16.6,8.3,58.14,0.0,0.0,,0.0,0.0,32.6,254.0,1007.9,90.0,87.0,0.3,1.0
2020-06-29T20:00:00,16.1,8.3,60.07,0.0,0.0,,0.0,0.0,31.3,256.0,1007.9,86.9,43.0,0.2,0.0
2020-06-29T21:00:00,15.6,8.0,60.74,0.0,0.0,,0.0,0.0,30.0,251.0,1008.1,92.8,11.0,0.0,0.0
2020-06-29T22:00:00,14.8,8.1,64.03,0.0,0.0,,0.0,0.0,24.1,252.0,1008.5,85.5,0.0,0.0,0.0
2020-06-29T23:00:00,14.6,8.1,65.2,0.0,0.0,,0.0,0.0,25.7,252.0,1008.5,90.7,0.0,0.0,0.0
2020-06-30T00:00:00,14.4,8.3,,0.0,0.0,,0.0,0.0,27.6,249.0,1008.4,90.0,0.0,0.0,0.0
2020-06-30T01:00:00,14.2,7.9,65.76,0.0,0.0,,0.0,0.0,26.9,252.0,1008.1,83.6,0.0,0.0,0.0
2020-06-30T02:00:00,13.9,8.0,67.55,0.0,0.0,,0.0,0.0,25.9,254.0,1007.8,93.8,0.0,0.0,0.0
2020-06-30T03:00:00,13.7,8.4,70.5,0.0,0.0,,0.0,0.0,21.1,251.0,1007.5,93.1,0.0,0.0,0.0
2020-06-30T04:00:00,13.4,8.8,73.86,0.0,0.0,,0.0,0.0,22.8,249.0,1007.2,93.8,0.8,0.0,0.0
2020-06-30T05:00:00,13.1,8.8,75.14,0.0,0.0,,0.0,0.0,20.0,247.0,1007.2,,6.0,0.0,0.0
2020-06-30T06:00:00,13.1,9.0,76.06,0.0,0.0,,0.0,0.0,23.2,244.0,1007.1,76.5,21.0,0.1,0.0
2020-06-30T07:00:00,13.7,9.3,74.59,0.0,0.0,,0.0,0.0,24.0,242.0,1006.9,78.7,91.0,0.3,1.0
2020-06-30T08:00:00,14.4,9.4,71.82,0.0,0.0,,0.0,0.0,25.3,248.0,1007.2,72.2,124.0,0.4,1.0
2020-06-30T09:00:00,14.7,9.8,72.36,0.0,0.0,,0.0,0.0,23.6,249.0,1007.2,85.9,124.0,0.4,1.0
2020-06-30T10:00:00,15.0,10.2,72.82,0.0,0.0,,0.0,0.0,22.4,248.0,1007.0,88.1,160.0,0.6,2.0
2020-06-30T11:00:00,15.7,10.7,72.05,0.0,0.0,,0.0,0.0,21.2,250.0,1007.1,85.8,122.0,0.4,1.0
2020-06-30T12:00:00,15.4,10.4,71.94,0.0,0.0,,0.0,0.0,19.0,240.0,1006.9,80.8,133.0,0.5,1.0
2020-06-30T13:00:00,16.1,11.3,73.17,0.237,100.0,rain,0.0,0.0,18.8,233.0,1006.5,82.6,198.0,0.7,2.0
2020-06-30T14:00:00,17.1,10.9,66.7,0.0,0.0,,0.0,0.0,19.6,241.0,1006.2,78.9,238.0,0.9,2.0
2020-06-30T15:00:00,17.0,11.3,69.1,0.0,0.0,,0.0,0.0,20.4,246.0,1006.1,81.2,121.0,0.4,1.0
2020-06-30T16:00:00,17.6,12.1,70.19,0.0,0.0,,0.0,0.0,23.8,249.0,1005.9,90.0,240.0,0.9,2.0
2020-06-30T17:00:00,18.3,12.4,68.71,0.0,0.0,,0.0,0.0,20.2,245.0,1005.4,74.1,149.0,0.5,1.0
2020-06-30T18:00:00,18.5,,69.77,0.0,0.0,,0.0,0.0,20.5,242.0,1005.2,87.2,37.0,0.1,0.0
2020-06-30T19:00:00,17.9,13.3,74.46,0.0,0.0,,0.0,0.0,17.1,237.0,1005.0,74.3,28.0,0.1,0.0
2020-06-30T20:00:00,17.8,13.9,77.95,0.0,0.0,,0.0,0.0,16.8,231.0,1005.0,71.4,76.0,0.3,1.0
2020-06-30T21:00:00,17.1,14.1,82.6,0.0,0.0,,0.0,0.0,13.3,217.0,1004.9,56.7,21.0,0.1,0.0
2020-06-30T22:00:00,16.3,14.2,87.35,0.0,0.0,,0.0,0.0,11.1,209.0,1005.1,62.0,5.0,0.0,0.0
2020-06-30T23:00:00,16.2,14.5,89.81,0.0,0.0,,0.0,0.0,12.0,206.0,1005.0,80.7,0.0,0.0,0.0
2020-07-01T00:00:00,16.2,14.7,91.32,0.0,0.0,,0.0,0.0,14.1,212.0,1004.9,85.0,0.0,0.0,0.0
2020-07-01T01:00:00,16.1,14.7,91.07,0.0,0.0,,0.0,0.0,12.1,213.0,1004.6,84.0,0.0,0.0,0.0
2020-07-01T02:00:00,15.7,14.1,90.13,0.0,0.0,,0.0,0.0,13.6,218.0,1004.0,67.8,0.0,0.0,0.0
2020-07-01T03:00:00,15.8,13.6,86.79,0.063,100.0,rain,0.0,0.0,14.8,228.0,1003.7,73.8,0.0,0.0,0.0
2020-07-01T04:00:00,15.5,12.9,84.34,0.116,100.0,rain,0.0,0.0,14.2,240.0,1003.6,93.4,0.8,0.0,0.0
2020-07-01T05:00:00,15.1,12.8,86.4,0.014,100.0,rain,0.0,0.0,13.5,234.0,1003.3,87.4,8.0,0.0,0.0
2020-07-01T06:00:00,15.0,12.9,87.32,0.028,100.0,rain,0.0,0.0,16.3,240.0,1003.4,76.4,66.0,0.2,1.0
2020-07-01T07:00:00,15.4,12.7,83.88,0.012,100.0,rain,0.0,0.0,16.4,244.0,1003.6,70.9,120.0,0.4,1.0
2020-07-01T08:00:00,16.2,12.6,79.2,0.0,0.0,,0.0,0.0,18.8,245.0,1003.7,55.9,311.0,1.1,3.0
2020-07-01T09:00:00,17.4,12.2,71.83,0.0,0.0,,0.0,0.0,24.4,254.0,1004.0,48.3,591.0,2.1,6.0
2020-07-01T10:00:00,17.5,11.9,69.45,0.0,0.0,,0.0,0.0,22.5,259.0,1004.1,75.6,480.0,1.7,5.0
2020-07-01T11:00:00,19.5,11.6,60.31,0.0,0.0,,0.0,0.0,24.0,255.0,1003.8,48.3,625.0,2.3,6.0
2020-07-01T12:00:00,19.3,11.5,60.37,0.0,0.0,,0.0,0.0,23.0,251.0,1004.1,78.7,244.0,0.9,2.0
2020-07-01T13:00:00,19.2,12.0,63.19,0.012,100.0,rain,0.0,0.0,21.7,265.0,1004.3,83.3,370.0,1.3,4.0
2020-07-01T14:00:00,19.7,12.5,63.23,0.034,100.0,rain,0.0,0.0,19.6,250.0,1004.4,82.6,449.0,1.6,4.0
2020-07-01T15:00:00,19.9,12.1,60.51,0.0,0.0,,0.0,0.0,22.1,249.0,1004.5,85.6,205.0,0.7,2.0
2020-07-01T16:00:00,18.2,14.2,77.6,0.069,100.0,rain,0.0,0.0,19.2,247.0,1005.1,73.5,232.0,0.8,2.0
2020-07-01T17:00:00,18.8,14.1,73.99,0.0,0.0,,0.0,0.0,18.7,263.0,1005.2,78.4,171.0,0.6,2.0
2020-07-01T18:00:00,18.2,14.3,78.19,0.034,100.0,rain,0.0,0.0,11.7,272.0,1005.4,79.6,129.0,0.5,1.0
2020-07-01T19:00:00,18.0,14.3,78.77,0.605,100.0,rain,0.0,0.0,17.3,234.0,1005.6,85.3,109.0,0.4,1.0
2020-07-01T20:00:00,17.7,13.9,78.61,0.0,0.0,,0.0,0.0,17.3,225.0,1005.7,62.6,34.0,0.1,0.0
2020-07-01T21:00:00,17.0,14.0,82.22,0.0,0.0,,0.0,0.0,12.3,234.0,1006.1,90.7,12.0,0.0,0.0
2020-07-01T22:00:00,16.4,14.0,85.7,0.028,100.0,rain,0.0,0.0,15.0,237.0,1006.7,91.1,0.0,0.0,0.0
2020-07-01T23:00:00,16.0,13.6,85.43,0.0,0.0,,0.0,0.0,13.3,240.0,1007.0,93.2,0.0,0.0,0.0
2020-07-02T00:00:00,15.6,13.3,86.51,0.0,0.0,,0.0,0.0,13.4,244.0,1007.2,89.3,0.0,0.0,0.0
2020-07-02T01:00:00,15.0,12.3,84.12,0.305,100.0,rain,0.0,0.0,15.0,244.0,1007.3,93.7,0.0,0.0,0.0
2020-07-02T02:00:00,14.2,11.7,85.0,0.0,0.0,,0.0,0.0,13.2,249.0,1007.5,85.5,0.0,0.0,0.0
2020-07-02T03:00:00,13.3,10.8,84.43,0.0,0.0,,0.0,0.0,12.9,245.0,1007.7,65.2,0.0,0.0,0.0
2020-07-02T04:00:00,12.2,9.5,83.19,0.0,0.0,,0.0,0.0,12.9,247.0,1007.8,40.7,0.8,0.0,0.0
2020-07-02T05:00:00,11.6,9.9,89.37,0.0,0.0,,0.0,0.0,12.1,245.0,1008.1,39.4,6.0,0.0,0.0
2020-07-02T06:00:00,11.9,10.0,88.42,0.0,0.0,,0.0,0.0,14.4,249.0,1008.4,54.7,42.0,0.2,0.0
2020-07-02T07:00:00,12.7,10.7,87.21,0.0,0.0,,0.0,0.0,16.4,252.0,1008.6,23.6,150.0,0.5,2.0
2020-07-02T08:00:00,14.4,11.4,82.14,0.0,0.0,,0.0,0.0,18.8,255.0,1008.7,22.3,395.0,1.4,4.0
2020-07-02T09:00:00,15.8,11.4,75.01,0.0,0.0,,0.0,0.0,20.0,251.0,1008.9,42.7,235.0,0.8,2.0
2020-07-02T10:00:00,17.1,11.3,68.53,0.0,0.0,,0.0,0.0,20.8,250.0,1009.1,37.7,415.0,1.5,4.0
2020-07-02T11:00:00,17.6,10.9,65.1,0.0,0.0,,0.0,0.0,23.5,249.0,1009.3,69.3,329.0,1.2,3.0
2020-07-02T12:00:00,17.1,11.9,71.4,0.014,100.0,rain,0.0,0.0,18.5,256.0,1009.6,62.6,418.0,1.5,4.0
2020-07-02T13:00:00,17.6,12.0,69.77,0.107,100.0,rain,0.0,0.0,21.8,245.0,1009.7,76.5,187.0,0.7,2.0
2020-07-02T14:00:00,17.2,12.9,75.59,0.0,0.0,,0.0,0.0,18.0,253.0,1010.3,57.4,292.0,1.1,3.0
2020-07-02T15:00:00,17.0,13.1,77.54,0.0,0.0,,0.0,0.0,12.8,282.0,1010.7,58.8,296.0,1.1,3.0
2020-07-02T16:00:00,17.5,13.4,76.76,0.0,0.0,,0.0,0.0,13.8,305.0,1011.2,74.6,119.0,0.4,1.0
2020-07-02T17:00:00,18.3,13.4,73.54,0.0,0.0,,0.0,0.0,12.4,337.0,1011.5,65.9,85.0,0.3,1.0
2020-07-02T18:00:00,17.5,13.1,75.45,0.0,0.0,,0.0,0.0,12.1,298.0,1011.9,62.3,99.0,0.4,1.0
2020-07-02T19:00:00,16.5,12.8,78.77,3.561,100.0,rain,0.0,0.0,14.3,306.0,1012.8,60.2,53.0,0.2,1.0
2020-07-02T20:00:00,16.2,12.6,79.27,0.0,0.0,,0.0,0.0,9.2,337.0,1013.4,54.7,52.0,0.2,1.0
2020-07-02T21:00:00,14.7,12.2,85.25,0.0,0.0,,0.0,0.0,7.6,360.0,1013.8,36.8,12.0,0.0,0.0
2020-07-02T22:00:00,14.2,12.3,88.51,0.0,0.0,,0.0,0.0,5.2,32.0,1014.6,78.5,0.0,0.0,0.0
2020-07-02T23:00:00,14.0,12.4,90.25,0.0,0.0,,0.0,0.0,5.6,359.0,1014.9,92.8,0.0,0.0,0.0
2020-07-03T00:00:00,13.8,12.4,91.25,0.0,0.0,,0.0,0.0,5.0,28.0,1015.1,89.6,0.0,0.0,0.0
2020-07-03T01:00:00,13.3,12.1,92.2,0.267,100.0,rain,0.0,0.0,3.3,299.0,1015.2,90.0,0.0,0.0,0.0
2020-07-03T02:00:00,13.2,12.1,92.75,0.0,0.0,,0.0,0.0,3.4,177.0,1015.1,79.4,0.0,0.0,0.0
2020-07-03T03:00:00,13.0,12.1,94.23,0.0,0.0,,0.0,0.0,6.7,224.0,1015.1,54.8,0.0,0.0,0.0
2020-07-03T04:00:00,12.3,11.7,96.26,0.0,0.0,,0.0,0.0,8.9,238.0,1015.2,44.6,0.7,0.0,0.0
2020-07-03T05:00:00,11.5,10.4,93.07,0.0,0.0,,0.0,0.0,9.9,246.0,1015.5,36.9,10.0,0.0,0.0
2020-07-03T06:00:00,12.2,11.6,96.25,0.0,0.0,,0.0,0.0,11.0,242.0,1015.6,73.4,44.0,0.2,0.0
2020-07-03T07:00:00,13.1,11.3,89.2,0.0,0.0,,0.0,0.0,15.8,247.0,1015.5,81.0,179.0,0.6,2.0
2020-07-03T08:00:00,14.2,11.4,83.14,0.0,0.0,,0.0,0.0,19.9,243.0,1015.6,74.6,145.0,0.5,1.0
2020-07-03T09:00:00,15.1,11.2,77.68,0.0,0.0,,0.0,0.0,21.8,246.0,1015.5,81.5,391.0,1.4,4.0
2020-07-03T10:00:00,16.4,11.0,70.11,0.0,0.0,,0.0,0.0,26.1,245.0,1015.3,59.0,570.0,2.1,6.0
2020-07-03T11:00:00,17.3,10.3,63.58,0.0,0.0,,0.0,0.0,30.1,244.0,1015.2,75.7,603.0,2.2,6.0
2020-07-03T12:00:00,18.1,9.9,58.61,0.0,0.0,,0.0,0.0,30.5,239.0,1015.0,80.7,747.0,2.7,7.0
2020-07-03T13:00:00,19.7,10.6,55.66,0.0,0.0,,0.0,0.0,30.6,238.0,1014.7,52.3,727.0,2.6,7.0
2020-07-03T14:00:00,20.0,10.8,55.56,0.0,0.0,,0.0,0.0,31.0,247.0,1014.1,49.4,465.0,1.7,5.0
2020-07-03T15:00:00,20.5,11.0,54.26,0.0,0.0,,0.0,0.0,30.3,240.0,1013.9,70.3,245.0,0.9,2.0
2020-07-03T16:00:00,20.1,11.1,55.95,0.0,0.0,,0.0,0.0,31.1,239.0,1013.6,48.5,188.0,0.7,2.0
2020-07-03T17:00:00,19.6,10.9,57.43,0.0,0.0,,0.0,0.0,30.7,234.0,1013.4,76.4,161.0,0.6,2.0
2020-07-03T18:00:00,18.8,10.6,58.88,0.0,0.0,,0.0,0.0,31.2,234.0,1013.1,89.9,153.0,0.6,2.0
2020-07-03T19:00:00,18.2,10.7,61.6,0.0,0.0,,0.0,0.0,26.7,231.0,1013.2,92.1,86.0,0.3,1.0
2020-07-03T20:00:00,16.9,11.2,69.37,0.0,0.0,,0.0,0.0,26.8,233.0,1013.2,92.1,42.0,0.2,0.0
2020-07-03T21:00:00,15.0,11.9,81.4,0.014,100.0,rain,0.0,0.0,24.0,239.0,1013.2,95.9,8.0,0.0,0.0
2020-07-03T22:00:00,14.5,12.2,86.0,0.0,0.0,,0.0,0.0,26.3,230.0,1013.1,89.0,0.0,0.0,0.0
2020-07-03T23:00:00,14.6,12.5,87.29,0.0,0.0,,0.0,0.0,28.3,228.0,1012.7,93.1,0.0,0.0,0.0
2020-07-04T00:00:00,14.9,12.6,86.1,0.0,0.0,,0.0,0.0,28.0,230.0,1012.3,97.9,0.0,0.0,0.0
2020-07-04T01:00:00,15.0,12.8,86.53,0.262,100.0,rain,0.0,0.0,30.1,234.0,1011.8,97.9,0.0,0.0,0.0
2020-07-04T02:00:00,15.4,13.1,86.18,0.0,0.0,,0.0,0.0,29.7,230.0,1011.4,100.0,0.0,0.0,0.0
2020-07-04T03:00:00,15.3,13.4,88.02,0.0,0.0,,0.0,0.0,28.2,226.0,1011.0,100.0,0.0,0.0,0.0
2020-07-04T04:00:00,15.4,13.7,89.74,0.0,0.0,,0.0,0.0,27.5,220.0,1010.2,100.0,0.3,0.0,0.0
2020-07-04T05:00:00,15.5,13.9,89.88,0.0,0.0,,0.0,0.0,26.9,228.0,1010.0,100.0,6.0,0.0,0.0
2020-07-04T06:00:00,15.8,13.9,88.49,0.0,0.0,,0.0,0.0,30.3,228.0,1009.7,97.2,17.0,0.1,0.0
2020-07-04T07:00:00,16.1,14.3,88.89,0.0,0.0,,0.0,0.0,27.9,234.0,1009.7,100.0,47.0,0.2,0.0
2020-07-04T08:00:00,16.9,14.6,86.3,0.0,0.0,,0.0,0.0,29.5,233.0,1009.6,97.9,76.0,0.3,1.0
2020-07-04T09:00:00,17.5,15.1,85.51,0.0,0.0,,0.0,0.0,28.2,235.0,1009.4,100.0,104.0,0.4,1.0
2020-07-04T10:00:00,18.5,15.5,82.64,0.0,0.0,,0.0,0.0,27.7,233.0,1009.2,80.7,144.0,0.5,1.0
2020-07-04T11:00:00,18.7,15.3,80.25,0.0,0.0,,0.0,0.0,27.3,235.0,1009.3,83.8,259.0,0.9,3.0
2020-07-04T12:00:00,19.4,15.2,76.55,0.0,0.0,,0.0,0.0,29.5,243.0,1009.3,85.9,165.0,0.6,2.0
2020-07-04T13:00:00,19.7,15.3,75.86,0.0,0.0,,0.0,0.0,25.3,238.0,1009.3,86.9,221.0,0.8,2.0
2020-07-04T14:00:00,19.7,15.3,75.85,0.0,0.0,,0.0,0.0,27.7,237.0,1009.4,90.0,245.0,0.9,2.0
2020-07-04T15:00:00,20.1,15.4,74.5,0.0,0.0,,0.0,0.0,30.4,233.0,1009.0,85.9,246.0,0.9,2.0
2020-07-04T16:00:00,19.9,15.5,75.83,0.0,0.0,,0.0,0.0,28.8,238.0,1009.1,93.1,165.0,0.6,2.0
2020-07-04T17:00:00,19.3,16.1,81.62,0.028,100.0,rain,0.0,0.0,24.4,233.0,1009.1,97.9,111.0,0.4,1.0
2020-07-04T18:00:00,18.9,16.2,84.36,0.0,0.0,,0.0,0.0,23.7,235.0,1008.9,95.1,45.0,0.2,0.0
2020-07-04T19:00:00,18.8,15.9,83.66,0.082,100.0,rain,0.0,0.0,25.5,235.0,1008.6,93.1,30.0,0.1,0.0
2020-07-04T20:00:00,18.6,15.6,83.11,0.0,0.0,,0.0,0.0,24.3,236.0,1008.6,92.1,33.0,0.1,0.0
2020-07-04T21:00:00,18.2,15.5,84.23,0.0,0.0,,0.0,0.0,24.4,237.0,1008.6,82.8,7.0,0.0,0.0
2020-07-04T22:00:00,17.8,15.4,86.33,0.0,0.0,,0.0,0.0,25.8,235.0,1008.8,77.3,0.0,0.0,0.0
2020-07-04T23:00:00,17.5,15.5,88.17,0.0,0.0,,0.0,0.0,27.1,237.0,1008.7,94.1,0.0,0.0,0.0
2020-07-05T00:00:00,17.5,15.3,87.33,0.0,0.0,,0.0,0.0,27.7,234.0,1008.3,96.9,0.0,0.0,0.0
2020-07-05T01:00:00,17.6,15.1,84.85,0.0,0.0,,0.0,0.0,29.1,230.0,1007.8,97.2,0.0,0.0,0.0
2020-07-05T02:00:00,17.5,14.8,84.36,0.0,0.0,,0.0,0.0,30.1,230.0,1007.3,99.3,0.0,0.0,0.0
2020-07-05T03:00:00,17.2,14.7,85.44,0.0,0.0,,0.0,0.0,30.5,230.0,1006.6,99.3,0.0,0.0,0.0
2020-07-05T04:00:00,17.2,14.8,85.77,0.0,0.0,,0.0,0.0,33.7,231.0,1006.0,95.2,0.5,0.0,0.0
2020-07-05T05:00:00,17.4,14.8,85.14,0.0,0.0,,0.0,0.0,34.2,238.0,1006.1,96.2,1.0,0.0,0.0
2020-07-05T06:00:00,17.3,14.8,85.29,0.0,0.0,,0.0,0.0,34.1,239.0,1006.2,91.4,19.0,0.1,0.0
2020-07-05T07:00:00,16.9,15.0,88.7,0.053,100.0,rain,0.0,0.0,31.7,244.0,1006.6,78.6,57.0,0.2,1.0
2020-07-05T08:00:00,17.4,14.8,84.79,0.0,0.0,,0.0,0.0,30.0,247.0,1007.0,73.5,168.0,0.6,2.0
2020-07-05T09:00:00,19.0,13.2,69.04,0.0,0.0,,0.0,0.0,38.9,254.0,1007.3,55.5,539.0,1.9,5.0
2020-07-05T10:00:00,19.3,11.6,61.09,0.0,0.0,,0.0,0.0,35.8,262.0,1007.8,65.5,665.0,2.4,7.0
2020-07-05T11:00:00,20.4,10.5,53.07,0.0,0.0,,0.0,0.0,38.6,258.0,1008.0,58.6,785.0,2.8,8.0
2020-07-05T12:00:00,20.8,9.4,47.81,0.0,0.0,,0.0,0.0,38.3,261.0,1008.4,50.8,847.0,3.0,8.0
2020-07-05T13:00:00,21.0,8.4,44.33,0.07,100.0,rain,0.0,0.0,37.5,261.0,1008.8,38.5,798.0,2.9,8.0
2020-07-05T14:00:00,21.2,7.7,41.67,0.0,0.0,,0.0,0.0,37.1,260.0,1008.8,51.1,497.0,1.8,5.0
2020-07-05T15:00:00,21.1,7.1,40.48,0.0,0.0,,0.0,0.0,39.4,267.0,1009.2,52.7,385.0,1.4,4.0
2020-07-05T16:00:00,20.8,7.2,41.57,0.0,0.0,,0.0,0.0,37.9,259.0,1009.3,52.0,90.0,0.3,1.0
2020-07-05T17:00:00,20.0,7.2,43.46,0.0,0.0,,0.0,0.0,38.6,256.0,1009.4,67.3,98.0,0.4,1.0
2020-07-05T18:00:00,19.3,6.5,43.26,0.0,0.0,,0.0,0.0,37.7,264.0,1009.6,65.5,151.0,0.5,2.0
2020-07-05T19:00:00,18.4,6.1,44.39,0.0,0.0,,0.0,0.0,36.9,260.0,1009.7,41.1,106.0,0.4,1.0
2020-07-05T20:00:00,17.3,6.1,47.74,0.0,0.0,,0.0,0.0,38.5,262.0,1010.2,34.8,25.0,0.1,0.0
2020-07-05T21:00:00,15.9,6.4,53.39,0.0,0.0,,0.0,0.0,31.5,261.0,1010.5,39.0,12.0,0.0,0.0
2020-07-05T22:00:00,14.7,7.0,59.99,0.0,0.0,,0.0,0.0,29.6,256.0,1011.1,10.7,0.0,0.0,0.0
2020-07-05T23:00:00,13.8,7.5,65.54,0.0,0.0,,0.0,0.0,30.4,255.0,1011.5,14.8,0.0,0.0,0.0
2020-07-06T00:00:00,13.4,7.8,69.05,0.0,0.0,,0.0,0.0,28.7,252.0,1011.9,59.0,0.0,0.0,0.0
2020-07-06T01:00:00,12.8,7.9,72.27,0.0,0.0,,0.0,0.0,27.0,257.0,1012.3,44.3,0.0,0.0,0.0
2020-07-06T02:00:00,12.6,8.0,73.83,0.0,0.0,,0.0,0.0,24.3,262.0,1012.6,32.5,0.0,0.0,0.0
2020-07-06T03:00:00,12.2,8.0,75.06,0.0,0.0,,0.0,0.0,23.7,264.0,1012.8,58.7,0.0,0.0,0.0
2020-07-06T04:00:00,11.6,8.0,78.43,0.0,0.0,,0.0,0.0,21.7,263.0,1013.1,15.0,0.5,0.0,0.0
2020-07-06T05:00:00,11.4,8.0,80.05,0.0,0.0,,0.0,0.0,19.9,267.0,1013.6,32.5,8.0,0.0,0.0
2020-07-06T06:00:00,11.7,8.3,79.59,0.0,0.0,,0.0,0.0,21.6,265.0,1014.2,38.9,67.0,0.2,1.0
2020-07-06T07:00:00,12.9,8.4,74.13,0.0,0.0,,0.0,0.0,26.5,273.0,1014.8,60.0,227.0,0.8,2.0
2020-07-06T08:00:00,14.0,8.2,68.12,0.0,0.0,,0.0,0.0,28.0,281.0,1015.5,20.3,409.0,1.5,4.0
2020-07-06T09:00:00,15.2,7.9,61.79,0.0,0.0,,0.0,0.0,28.3,286.0,1016.0,42.4,433.0,1.6,4.0
2020-07-06T10:00:00,15.9,7.3,56.7,0.0,0.0,,0.0,0.0,27.5,292.0,1016.5,53.2,382.0,1.4,4.0
2020-07-06T11:00:00,15.7,7.2,56.95,0.0,0.0,,0.0,0.0,26.5,287.0,1017.2,83.6,233.0,0.8,2.0
2020-07-06T12:00:00,16.2,7.6,56.8,0.0,0.0,,0.0,0.0,27.4,283.0,1017.9,87.1,160.0,0.6,2.0
2020-07-06T13:00:00,16.3,8.6,60.5,0.053,100.0,rain,0.0,0.0,23.4,290.0,1018.6,92.1,279.0,1.0,3.0
2020-07-06T14:00:00,16.9,8.4,57.05,0.0,0.0,,0.0,0.0,25.0,293.0,1019.1,91.9,270.0,1.0,3.0
2020-07-06T15:00:00,17.9,8.6,54.55,0.0,0.0,,0.0,0.0,25.1,293.0,1019.5,75.8,324.0,1.2,3.0
2020-07-06T16:00:00,17.9,8.7,54.94,0.0,0.0,,0.0,0.0,21.7,300.0,1019.7,77.2,202.0,0.7,2.0
2020-07-06T17:00:00,18.5,8.9,53.75,0.0,0.0,,0.0,0.0,18.8,304.0,1020.1,68.4,110.0,0.4,1.0
2020-07-06T18:00:00,18.2,9.0,54.77,0.0,0.0,,0.0,0.0,14.8,321.0,1020.4,66.3,179.0,0.6,2.0
2020-07-06T19:00:00,18.0,8.8,54.89,0.048,100.0,rain,0.0,0.0,10.1,313.0,1020.6,75.2,164.0,0.6,2.0
2020-07-06T20:00:00,17.4,8.8,57.08,0.0,0.0,,0.0,0.0,9.4,290.0,1020.9,73.3,35.0,0.1,0.0
2020-07-06T21:00:00,16.1,8.3,60.13,0.0,0.0,,0.0,0.0,8.5,277.0,1021.3,55.1,21.0,0.1,0.0
2020-07-06T22:00:00,14.7,7.4,61.74,0.0,0.0,,0.0,0.0,11.5,282.0,1022.0,37.6,0.0,0.0,0.0
2020-07-06T23:00:00,12.1,6.4,68.08,0.0,0.0,,0.0,0.0,11.9,287.0,1022.6,9.6,0.0,0.0,0.0
2020-07-07T00:00:00,10.5,5.9,72.95,0.0,0.0,,0.0,0.0,10.5,288.0,1022.5,0.0,0.0,0.0,0.0
2020-07-07T01:00:00,9.0,5.2,77.33,0.0,0.0,,0.0,0.0,9.3,278.0,1022.5,0.0,0.0,0.0,0.0
2020-07-07T02:00:00,8.7,5.5,80.26,0.0,0.0,,0.0,0.0,9.0,281.0,1022.3,21.5,0.0,0.0,0.0
2020-07-07T03:00:00,8.9,6.1,82.6,0.0,0.0,,0.0,0.0,8.2,281.0,1022.1,90.0,0.0,0.0,0.0
2020-07-07T04:00:00,9.5,6.6,82.5,0.0,0.0,,0.0,0.0,7.6,259.0,1021.5,70.1,0.4,0.0,0.0
2020-07-07T05:00:00,9.3,6.8,84.09,0.0,0.0,,0.0,0.0,8.9,254.0,1021.4,96.9,6.0,0.0,0.0
2020-07-07T06:00:00,10.2,7.6,83.97,0.0,0.0,,0.0,0.0,7.9,261.0,1021.4,94.9,39.0,0.1,0.0
2020-07-07T07:00:00,12.0,8.2,77.42,0.0,0.0,,0.0,0.0,9.4,253.0,1021.1,78.4,134.0,0.5,1.0
2020-07-07T08:00:00,14.1,8.9,70.78,0.0,0.0,,0.0,0.0,11.4,253.0,1020.9,63.8,358.0,1.3,4.0
2020-07-07T09:00:00,15.5,9.0,64.95,0.0,0.0,,0.0,0.0,12.9,259.0,1020.6,53.4,492.0,1.8,5.0
2020-07-07T10:00:00,17.0,9.1,59.69,0.0,0.0,,0.0,0.0,17.2,260.0,1020.3,31.4,695.0,2.5,7.0
2020-07-07T11:00:00,18.6,8.9,53.16,0.0,0.0,,0.0,0.0,21.2,258.0,1019.8,71.7,529.0,1.9,5.0
2020-07-07T12:00:00,18.4,8.7,52.94,0.0,0.0,,0.0,0.0,21.1,252.0,1019.4,78.3,457.0,1.6,5.0
2020-07-07T13:00:00,18.4,8.5,52.64,0.0,0.0,,0.0,0.0,22.1,259.0,1019.0,92.1,365.0,1.3,4.0
2020-07-07T14:00:00,18.1,9.4,57.02,0.0,0.0,,0.0,0.0,16.4,268.0,1018.6,97.2,372.0,1.3,4.0
2020-07-07T15:00:00,17.7,9.1,57.04,0.0,0.0,,0.0,0.0,16.6,273.0,1018.4,99.3,140.0,0.5,1.0
2020-07-07T16:00:00,17.1,10.1,63.54,0.049,100.0,rain,0.0,0.0,14.1,275.0,1018.1,99.3,83.0,0.3,1.0
2020-07-07T17:00:00,16.1,10.1,67.7,0.048,100.0,rain,0.0,0.0,13.7,304.0,1017.9,99.3,65.0,0.2,1.0
2020-07-07T18:00:00,15.4,10.6,73.16,0.034,100.0,rain,0.0,0.0,11.1,306.0,1017.7,90.8,68.0,0.2,1.0
2020-07-07T19:00:00,14.4,10.9,79.34,0.392,100.0,rain,0.0,0.0,11.6,301.0,1017.6,92.0,43.0,0.2,0.0
2020-07-07T20:00:00,13.8,11.1,84.01,0.0,0.0,,0.0,0.0,7.8,,1017.4,88.3,27.0,0.1,0.0
2020-07-07T21:00:00,13.5,11.2,85.77,0.0,0.0,,0.0,0.0,10.9,271.0,1017.1,90.0,11.0,0.0,0.0
2020-07-07T22:00:00,12.9,11.6,91.57,0.068,100.0,rain,0.0,0.0,8.3,270.0,1016.8,84.1,0.0,0.0,0.0
2020-07-07T23:00:00,12.9,11.8,93.56,0.049,100.0,rain,0.0,0.0,6.4,236.0,1016.6,85.2,0.0,0.0,0.0
2020-07-08T00:00:00,12.7,12.1,96.13,0.083,100.0,rain,0.0,0.0,6.9,231.0,1016.2,91.0,0.0,0.0,0.0
2020-07-08T01:00:00,12.9,12.4,96.82,2.205,100.0,rain,0.0,0.0,8.2,205.0,1015.8,71.8,0.0,0.0,0.0
2020-07-08T02:00:00,13.1,12.7,97.63,0.048,100.0,rain,0.0,0.0,8.5,201.0,1015.2,87.2,0.0,0.0,0.0
2020-07-08T03:00:00,13.5,13.1,97.32,0.048,100.0,rain,0.0,0.0,10.2,202.0,1014.3,91.0,0.0,0.0,0.0
2020-07-08T04:00:00,13.6,13.3,98.04,0.0,0.0,,0.0,0.0,9.7,214.0,1013.7,97.9,0.1,0.0,0.0
2020-07-08T05:00:00,13.7,13.5,98.59,0.028,100.0,rain,0.0,0.0,10.1,223.0,1013.2,99.3,12.1,0.0,0.0
2020-07-08T06:00:00,14.1,13.7,97.27,0.069,100.0,rain,0.0,0.0,10.8,228.0,1013.1,97.9,9.0,0.0,0.0
2020-07-08T07:00:00,14.3,14.0,98.1,1.26,100.0,rain,0.0,0.0,11.0,237.0,1013.1,95.7,27.0,0.1,0.0
2020-07-08T08:00:00,14.8,14.4,97.54,0.0,0.0,,0.0,0.0,15.2,247.0,1013.3,92.6,70.0,0.3,1.0
2020-07-08T09:00:00,15.4,14.9,97.02,0.082,100.0,rain,0.0,0.0,14.2,262.0,1013.5,97.2,90.0,0.3,1.0
2020-07-08T10:00:00,16.1,15.1,94.12,0.049,100.0,rain,0.0,0.0,16.3,276.0,1013.7,94.1,109.0,0.4,1.0
2020-07-08T11:00:00,16.7,15.2,91.0,0.0,0.0,,0.0,0.0,14.1,283.0,1014.0,94.1,177.0,0.6,2.0
2020-07-08T12:00:00,17.0,15.2,89.56,0.014,100.0,rain,0.0,0.0,14.4,300.0,1014.1,91.0,293.0,1.1,3.0
2020-07-08T13:00:00,17.2,15.0,86.8,2.249,100.0,rain,0.0,0.0,11.2,333.0,1014.3,94.8,304.0,1.1,3.0
2020-07-08T14:00:00,17.1,14.5,84.75,0.028,100.0,rain,0.0,0.0,13.9,154.0,1014.5,87.6,167.0,0.6,2.0
2020-07-08T15:00:00,17.0,14.8,86.98,0.014,100.0,rain,0.0,0.0,10.8,343.0,1014.8,94.8,124.0,0.4,1.0
2020-07-08T16:00:00,17.2,15.2,88.12,0.0,0.0,,0.0,0.0,11.8,346.0,1014.8,92.6,92.0,0.3,1.0
2020-07-08T17:00:00,16.3,15.1,92.6,0.014,100.0,rain,0.0,0.0,10.8,66.0,1014.8,89.5,150.0,0.5,2.0
2020-07-08T18:00:00,16.0,14.9,93.12,0.0,0.0,,0.0,0.0,10.7,85.0,1014.5,94.1,89.0,0.3,1.0
2020-07-08T19:00:00,16.0,15.0,94.01,1.151,100.0,rain,0.0,0.0,8.3,101.0,1014.4,82.6,44.0,0.2,0.0
2020-07-08T20:00:00,15.6,15.0,96.18,0.138,100.0,rain,0.0,0.0,7.1,124.0,1014.3,92.6,13.0,0.0,0.0
2020-07-08T21:00:00,15.4,15.0,97.25,0.028,100.0,rain,0.0,0.0,10.2,143.0,1013.8,90.0,8.0,0.0,0.0
2020-07-08T22:00:00,15.5,15.0,97.03,0.048,100.0,rain,0.0,0.0,12.1,172.0,1013.9,84.6,0.0,0.0,0.0
2020-07-08T23:00:00,15.6,15.0,96.35,0.049,100.0,rain,0.0,0.0,10.4,189.0,1013.4,94.1,0.0,0.0,0.0
2020-07-09T00:00:00,16.0,15.4,96.47,0.014,100.0,rain,0.0,0.0,11.5,226.0,1013.2,86.8,0.0,0.0,0.0
2020-07-09T01:00:00,16.1,15.3,95.42,2.429,100.0,rain,0.0,0.0,14.9,234.0,1012.8,84.3,0.0,0.0,0.0
2020-07-09T02:00:00,16.0,15.4,96.03,0.097,100.0,rain,0.0,0.0,14.7,235.0,1012.3,87.9,0.0,0.0,0.0
2020-07-09T03:00:00,16.1,15.6,96.82,0.048,100.0,rain,0.0,0.0,16.9,237.0,1011.9,85.9,0.0,0.0,0.0
2020-07-09T04:00:00,16.2,15.5,95.5,0.069,100.0,rain,0.0,0.0,17.4,231.0,1011.7,74.7,0.1,0.0,0.0
2020-07-09T05:00:00,16.1,15.4,95.8,0.234,100.0,rain,0.0,0.0,18.3,223.0,1011.2,74.0,1.0,0.0,0.0
2020-07-09T06:00:00,15.9,15.2,95.65,0.0,0.0,,0.0,0.0,22.9,228.0,1010.8,71.9,16.0,0.1,0.0
2020-07-09T07:00:00,15.9,14.9,93.89,2.51,100.0,rain,0.0,0.0,22.2,242.0,1010.6,90.7,30.0,0.1,0.0
2020-07-09T08:00:00,16.2,14.8,91.5,0.0,0.0,,0.0,0.0,23.9,243.0,1010.6,90.8,74.0,0.3,1.0
2020-07-09T09:00:00,16.4,14.8,90.44,0.048,100.0,rain,0.0,0.0,22.5,252.0,1011.0,96.5,125.0,0.5,1.0
2020-07-09T10:00:00,17.0,15.2,89.23,0.0,0.0,,0.0,0.0,23.9,248.0,1010.8,94.5,179.0,0.6,2.0
2020-07-09T11:00:00,17.3,15.3,87.87,0.0,0.0,,0.0,0.0,22.2,252.0,1010.8,97.2,325.0,1.2,3.0
2020-07-09T12:00:00,18.2,15.7,85.55,0.0,0.0,,0.0,0.0,22.0,250.0,1010.8,88.8,403.0,1.5,4.0
2020-07-09T13:00:00,18.2,15.7,84.92,0.026,100.0,rain,0.0,0.0,17.3,249.0,1011.0,89.9,208.0,0.7,2.0
2020-07-09T14:00:00,17.8,15.6,86.92,0.097,100.0,rain,0.0,0.0,15.6,255.0,1011.0,94.1,147.0,0.5,1.0
2020-07-09T15:00:00,17.4,16.3,93.45,0.083,100.0,rain,0.0,0.0,15.3,258.0,1010.9,88.8,126.0,0.5,1.0
2020-07-09T16:00:00,17.2,16.2,93.61,0.049,100.0,rain,0.0,0.0,15.6,256.0,1010.7,84.1,113.0,0.4,1.0
2020-07-09T17:00:00,17.6,16.2,91.38,0.083,100.0,rain,0.0,0.0,15.0,270.0,1010.3,91.0,87.0,0.3,1.0
2020-07-09T18:00:00,16.7,15.4,91.86,0.028,100.0,rain,0.0,0.0,13.5,308.0,1010.0,92.0,117.0,0.4,1.0
2020-07-09T19:00:00,16.8,15.5,92.26,2.584,100.0,rain,0.0,0.0,10.2,313.0,1009.8,84.8,71.0,0.3,1.0
2020-07-09T20:00:00,16.2,15.0,92.94,0.048,100.0,rain,0.0,0.0,10.9,349.0,1009.6,93.4,43.0,0.2,0.0
2020-07-09T21:00:00,15.5,14.4,93.54,0.083,100.0,rain,0.0,0.0,13.4,351.0,1009.7,83.5,11.0,0.0,0.0
2020-07-09T22:00:00,15.3,14.2,93.34,0.088,100.0,rain,0.0,0.0,14.3,354.0,1010.0,84.5,0.0,0.0,0.0
2020-07-09T23:00:00,14.5,14.0,96.71,0.028,100.0,rain,0.0,0.0,13.5,9.0,1010.4,92.6,0.0,0.0,0.0
2020-07-10T00:00:00,14.1,13.5,96.21,0.0,0.0,,0.0,0.0,13.6,7.0,1010.8,97.2,0.0,0.0,0.0
2020-07-10T01:00:00,13.7,13.2,96.81,1.976,100.0,rain,0.0,0.0,14.4,357.0,1011.4,97.9,0.0,0.0,0.0
2020-07-10T02:00:00,13.3,12.8,96.72,0.0,0.0,,0.0,0.0,14.2,356.0,1011.7,93.1,0.0,0.0,0.0
2020-07-10T03:00:00,13.1,12.5,96.34,0.014,100.0,rain,0.0,0.0,14.5,350.0,1012.0,80.5,0.0,0.0,0.0
2020-07-10T04:00:00,12.8,12.2,96.24,0.0,0.0,,0.0,0.0,14.3,344.0,1012.3,78.8,0.1,0.0,0.0
2020-07-10T05:00:00,12.4,11.7,95.41,0.014,100.0,rain,0.0,0.0,14.5,344.0,1012.8,72.5,4.0,0.0,0.0
2020-07-10T06:00:00,12.0,11.4,96.06,0.069,100.0,rain,0.0,0.0,15.5,338.0,1013.5,77.5,12.0,0.0,0.0
2020-07-10T07:00:00,12.2,11.4,94.83,0.0,0.0,,0.0,0.0,14.0,332.0,1014.0,76.2,109.0,0.4,1.0
2020-07-10T08:00:00,12.9,11.6,91.3,0.0,0.0,,0.0,0.0,14.7,318.0,1014.6,78.6,171.0,0.6,2.0
2020-07-10T09:00:00,13.7,11.1,84.24,0.0,0.0,,0.0,0.0,14.7,319.0,1015.2,57.3,213.0,0.8,2.0
2020-07-10T10:00:00,14.9,11.3,79.23,0.0,0.0,,0.0,0.0,15.6,319.0,1015.5,52.4,328.0,1.2,3.0
2020-07-10T11:00:00,15.2,11.1,76.65,0.0,0.0,,0.0,0.0,18.0,300.0,1016.3,55.7,306.0,1.1,3.0
2020-07-10T12:00:00,15.4,10.7,73.83,0.0,0.0,,0.0,0.0,19.9,311.0,1016.8,59.1,683.0,2.5,7.0
2020-07-10T13:00:00,16.6,10.4,66.53,0.254,100.0,rain,0.0,0.0,19.5,300.0,1017.1,61.1,626.0,2.3,6.0
2020-07-10T14:00:00,17.2,9.1,59.01,0.0,0.0,,0.0,0.0,21.7,302.0,1017.7,51.4,322.0,1.2,3.0
2020-07-10T15:00:00,17.4,8.8,57.28,0.0,0.0,,0.0,0.0,17.6,311.0,1017.9,71.6,344.0,1.2,3.0
2020-07-10T16:00:00,17.1,8.4,56.29,0.0,0.0,,0.0,0.0,16.9,301.0,1018.3,81.7,191.0,0.7,2.0
2020-07-10T17:00:00,17.0,8.1,55.87,0.0,0.0,,0.0,0.0,16.8,304.0,1018.6,61.7,149.0,0.5,1.0
2020-07-10T18:00:00,16.7,8.0,56.63,0.0,0.0,,0.0,0.0,17.3,301.0,1019.0,79.0,174.0,0.6,2.0
2020-07-10T19:00:00,16.6,8.0,56.98,0.012,100.0,rain,0.0,0.0,15.4,303.0,1019.4,92.8,95.0,0.3,1.0
2020-07-10T20:00:00,16.0,8.6,61.41,0.0,0.0,,0.0,0.0,14.3,306.0,1019.9,89.0,54.0,0.2,1.0
2020-07-10T21:00:00,14.5,8.8,68.51,0.0,0.0,,0.0,0.0,14.2,299.0,1020.4,90.0,19.0,0.1,0.0
2020-07-10T22:00:00,13.0,9.2,77.39,0.0,0.0,,0.0,0.0,10.1,307.0,1021.1,51.2,0.0,0.0,0.0
2020-07-10T23:00:00,11.8,9.2,84.09,0.0,0.0,,0.0,0.0,9.9,313.0,1021.7,57.5,0.0,0.0,0.0
2020-07-11T00:00:00,10.4,8.3,86.71,0.0,0.0,,0.0,0.0,8.0,287.0,1022.1,6.6,0.0,0.0,0.0
2020-07-11T01:00:00,10.4,8.9,90.61,0.0,0.0,,0.0,0.0,8.9,296.0,1022.5,0.0,0.0,0.0,0.0
2020-07-11T02:00:00,9.8,8.5,91.26,0.0,0.0,,0.0,0.0,9.1,287.0,1022.9,0.0,0.0,0.0,0.0
2020-07-11T03:00:00,10.0,8.3,89.05,0.0,0.0,,0.0,0.0,12.7,295.0,1023.1,0.0,0.0,0.0,0.0
2020-07-11T04:00:00,9.2,7.7,90.57,0.0,0.0,,0.0,0.0,11.2,296.0,1023.3,0.0,0.2,0.0,0.0
2020-07-11T05:00:00,8.7,7.6,92.32,0.0,0.0,,0.0,0.0,10.9,284.0,1023.6,0.0,6.0,0.0,0.0
2020-07-11T06:00:00,9.4,8.1,91.9,0.0,0.0,,0.0,0.0,11.7,280.0,1024.1,0.0,58.0,0.2,1.0
2020-07-11T07:00:00,11.2,9.0,86.6,0.0,0.0,,0.0,0.0,13.2,298.0,1024.2,0.0,219.0,0.8,2.0
2020-07-11T08:00:00,12.6,9.4,80.43,0.0,0.0,,0.0,0.0,17.0,317.0,1024.8,17.9,367.0,1.3,4.0
2020-07-11T09:00:00,14.0,9.4,74.05,0.0,0.0,,0.0,0.0,16.5,315.0,1025.2,15.9,456.0,1.6,5.0
2020-07-11T10:00:00,15.3,9.2,66.99,0.0,0.0,,0.0,0.0,13.1,320.0,1025.5,20.8,541.0,1.9,5.0
2020-07-11T11:00:00,16.3,8.7,60.46,0.0,0.0,,0.0,0.0,15.4,311.0,1025.8,38.8,731.0,2.6,7.0
2020-07-11T12:00:00,16.5,7.5,55.42,0.0,0.0,,0.0,0.0,16.6,312.0,1026.1,68.6,621.0,2.2,6.0
2020-07-11T13:00:00,17.5,7.7,52.48,0.0,0.0,,0.0,0.0,16.6,313.0,1026.2,76.4,300.0,1.1,3.0
2020-07-11T14:00:00,17.7,7.3,50.56,0.0,0.0,,0.0,0.0,16.4,321.0,1026.4,83.7,467.0,1.7,5.0
2020-07-11T15:00:00,17.4,8.2,54.43,0.0,0.0,,0.0,0.0,15.2,331.0,1026.6,87.7,,0.6,2.0
2020-07-11T16:00:00,17.5,7.6,52.25,0.0,0.0,,0.0,0.0,15.3,334.0,1026.6,91.9,173.0,0.6,2.0
2020-07-11T17:00:00,17.8,7.5,50.88,0.0,0.0,,0.0,0.0,13.3,334.0,1026.8,99.3,132.0,0.5,1.0
2020-07-11T18:00:00,17.9,7.3,49.88,0.0,0.0,,0.0,0.0,10.2,352.0,1026.8,96.2,173.0,0.6,2.0
2020-07-11T19:00:00,17.7,7.9,52.6,0.0,0.0,,0.0,0.0,7.2,7.0,1026.9,92.1,73.0,0.3,1.0
2020-07-11T20:00:00,16.8,9.2,60.99,0.0,0.0,,0.0,0.0,9.0,51.0,1027.1,84.9,46.0,0.2,0.0
2020-07-11T21:00:00,15.1,9.5,69.35,0.0,0.0,,0.0,0.0,5.9,85.0,1027.5,76.2,14.0,0.1,0.0
2020-07-11T22:00:00,12.9,9.9,81.89,0.0,0.0,,0.0,0.0,6.4,103.0,1028.0,15.0,0.0,0.0,0.0
2020-07-11T23:00:00,12.2,10.2,87.48,0.0,0.0,,0.0,0.0,6.2,125.0,1028.3,90.0,0.0,0.0,0.0
2020-07-12T00:00:00,12.0,10.5,90.48,0.0,0.0,,0.0,0.0,6.7,133.0,1028.3,41.9,0.0,0.0,0.0
2020-07-12T01:00:00,11.8,10.3,90.12,0.0,0.0,,0.0,0.0,5.2,151.0,1028.2,58.6,0.0,0.0,0.0
2020-07-12T02:00:00,11.0,9.8,91.93,0.0,0.0,,0.0,0.0,3.7,310.0,1028.2,37.7,0.0,0.0,0.0
2020-07-12T03:00:00,9.9,9.2,95.32,0.0,0.0,,0.0,0.0,4.9,297.0,1028.1,7.2,0.0,0.0,0.0
2020-07-12T04:00:00,9.8,9.3,96.68,0.0,0.0,,0.0,0.0,1.8,301.0,1028.0,0.0,0.1,0.0,0.0
2020-07-12T05:00:00,9.1,8.5,96.24,0.0,0.0,,0.0,0.0,4.2,299.0,1028.2,5.7,7.0,0.0,0.0
2020-07-12T06:00:00,,9.3,97.46,0.0,0.0,,0.0,0.0,4.8,307.0,1028.4,26.4,55.0,0.2,1.0
2020-07-12T07:00:00,12.1,11.5,96.44,0.0,0.0,,0.0,0.0,4.0,312.0,1028.5,15.2,201.0,0.7,2.0
2020-07-12T08:00:00,14.6,12.1,84.88,0.0,0.0,,0.0,0.0,3.0,288.0,1028.8,7.2,363.0,1.3,4.0
2020-07-12T09:00:00,16.4,10.4,67.7,0.0,0.0,,0.0,0.0,6.4,228.0,1028.9,9.0,502.0,1.8,5.0
2020-07-12T10:00:00,17.7,9.3,57.87,0.0,0.0,,0.0,0.0,8.8,221.0,1028.8,14.4,548.0,2.0,5.0
2020-07-12T11:00:00,18.6,8.3,51.02,0.0,0.0,,0.0,0.0,8.5,211.0,1028.8,38.6,352.0,1.3,4.0
2020-07-12T12:00:00,18.8,8.0,49.16,0.0,0.0,,0.0,0.0,9.9,253.0,1028.8,47.7,572.0,2.1,6.0
2020-07-12T13:00:00,19.6,8.2,47.75,0.0,0.0,,0.0,0.0,12.3,241.0,1028.5,47.2,704.0,2.5,7.0
2020-07-12T14:00:00,20.5,8.5,46.23,0.0,0.0,,0.0,0.0,11.0,315.0,1028.1,63.6,200.0,0.7,2.0
2020-07-12T15:00:00,20.8,7.9,43.44,0.0,0.0,,0.0,0.0,9.9,198.0,1027.8,35.3,371.0,1.3,4.0
2020-07-12T16:00:00,20.7,7.7,43.26,0.0,0.0,,0.0,0.0,9.0,338.0,1027.2,50.8,143.0,0.5,1.0
2020-07-12T17:00:00,21.1,8.3,43.83,0.0,0.0,,0.0,0.0,11.9,18.0,1026.8,32.9,97.0,0.3,1.0
2020-07-12T18:00:00,20.1,8.7,47.67,0.0,0.0,,0.0,0.0,15.1,40.0,1026.7,7.2,150.0,0.5,2.0
2020-07-12T19:00:00,19.8,8.7,48.72,0.0,0.0,,0.0,0.0,13.3,158.0,1026.3,21.1,143.0,0.5,1.0
2020-07-12T20:00:00,18.7,7.9,49.52,0.0,,,0.0,0.0,13.4,156.0,1026.2,7.2,25.0,0.1,0.0
2020-07-12T21:00:00,16.8,8.5,58.05,0.0,0.0,,0.0,0.0,10.5,159.0,1026.4,6.6,13.0,0.0,0.0
2020-07-12T22:00:00,15.0,8.6,65.52,0.0,0.0,,0.0,0.0,10.3,168.0,1026.8,0.0,0.0,0.0,0.0
2020-07-12T23:00:00,14.0,8.8,70.49,0.0,0.0,,0.0,0.0,9.3,178.0,1026.7,0.0,0.0,0.0,0.0
2020-07-13T00:00:00,13.7,8.6,71.41,0.0,0.0,,0.0,0.0,10.4,183.0,1026.5,0.0,0.0,0.0,0.0
2020-07-13T01:00:00,13.4,8.6,73.02,0.0,0.0,,0.0,0.0,10.4,191.0,1026.3,0.0,0.0,0.0,0.0
2020-07-13T02:00:00,13.2,8.2,71.64,0.0,0.0,,0.0,0.0,10.8,206.0,1026.1,50.0,0.0,0.0,0.0
2020-07-13T03:00:00,12.5,8.1,74.46,0.0,0.0,,0.0,0.0,10.1,199.0,1025.7,14.8,0.0,0.0,0.0
2020-07-13T04:00:00,12.0,7.8,75.72,0.0,0.0,,0.0,0.0,10.1,199.0,1025.1,25.4,0.1,0.0,0.0
2020-07-13T05:00:00,11.6,8.1,79.28,0.0,0.0,,0.0,0.0,9.7,208.0,1024.7,50.0,6.0,0.0,0.0
2020-07-13T06:00:00,12.5,8.8,78.06,0.0,0.0,,0.0,0.0,10.0,218.0,1024.7,48.9,32.0,0.1,0.0
2020-07-13T07:00:00,14.1,9.9,75.89,0.0,0.0,,0.0,0.0,10.4,236.0,1024.5,61.6,94.0,0.3,1.0
2020-07-13T08:00:00,15.7,10.2,69.67,0.0,0.0,,0.0,0.0,9.2,249.0,1024.4,92.4,249.0,0.9,2.0
2020-07-13T09:00:00,17.4,10.1,62.37,0.0,0.0,,0.0,0.0,8.6,238.0,1024.2,93.8,279.0,1.0,3.0
2020-07-13T10:00:00,19.1,9.7,54.72,0.0,0.0,,0.0,0.0,12.9,232.0,1023.8,86.2,373.0,1.3,4.0
2020-07-13T11:00:00,20.5,7.5,43.11,0.0,0.0,,0.0,0.0,14.6,231.0,1023.3,81.4,562.0,2.0,6.0
2020-07-13T12:00:00,22.1,6.5,36.45,0.0,0.0,,0.0,0.0,18.6,246.0,1022.6,77.2,824.0,3.0,8.0
2020-07-13T13:00:00,23.0,7.1,35.98,0.0,0.0,,0.0,0.0,21.1,259.0,1021.9,68.6,814.0,2.9,8.0
2020-07-13T14:00:00,23.4,7.7,36.5,0.0,0.0,,0.0,0.0,21.7,265.0,1021.2,79.8,393.0,1.4,4.0
2020-07-13T15:00:00,22.9,9.5,42.39,0.0,0.0,,0.0,0.0,21.3,276.0,1020.7,80.5,350.0,1.3,4.0
2020-07-13T16:00:00,22.8,11.2,47.88,0.0,0.0,,0.0,0.0,20.7,269.0,1020.1,78.7,213.0,0.8,2.0
2020-07-13T17:00:00,22.3,11.7,51.1,0.0,0.0,,0.0,0.0,19.4,274.0,1019.7,59.5,199.0,0.7,2.0
2020-07-13T18:00:00,22.2,12.1,53.09,0.0,0.0,,0.0,0.0,17.9,268.0,1019.0,80.2,131.0,0.5,1.0
2020-07-13T19:00:00,20.9,12.3,57.79,0.0,0.0,,0.0,0.0,14.5,281.0,1018.9,83.6,70.0,0.3,1.0
2020-07-13T20:00:00,18.9,13.4,70.71,0.049,100.0,rain,0.0,0.0,19.5,285.0,1018.9,81.8,33.0,0.1,0.0
2020-07-13T21:00:00,17.7,14.0,79.01,0.0,0.0,,0.0,0.0,11.9,284.0,1018.8,90.0,17.0,0.1,0.0
2020-07-13T22:00:00,17.3,14.0,81.19,0.0,0.0,,0.0,0.0,11.1,279.0,1018.7,88.3,0.0,0.0,0.0
2020-07-13T23:00:00,16.3,14.3,87.73,0.028,100.0,rain,0.0,0.0,11.6,285.0,1018.4,87.9,0.0,0.0,0.0
2020-07-14T00:00:00,15.8,14.4,91.54,0.395,100.0,rain,0.0,0.0,11.3,284.0,1018.1,92.1,0.0,0.0,0.0
2020-07-14T01:00:00,15.3,14.6,95.58,2.219,100.0,rain,0.0,0.0,10.9,276.0,1017.7,87.4,0.0,0.0,0.0
2020-07-14T02:00:00,15.3,14.8,97.05,0.014,100.0,rain,0.0,0.0,9.0,263.0,1017.3,69.9,0.0,0.0,0.0
2020-07-14T03:00:00,15.3,14.9,97.2,0.0,0.0,,0.0,0.0,8.2,269.0,1016.8,90.7,0.0,0.0,0.0
2020-07-14T04:00:00,15.2,14.8,97.43,0.014,100.0,rain,0.0,0.0,6.7,283.0,1016.4,87.9,0.0,0.0,0.0
2020-07-14T05:00:00,15.2,14.8,97.4,0.0,0.0,,0.0,0.0,7.5,296.0,1016.0,90.0,9.5,0.0,0.0
2020-07-14T06:00:00,14.7,14.2,96.97,0.0,0.0,,0.0,0.0,9.0,324.0,1016.0,82.9,14.0,0.1,0.0
2020-07-14T07:00:00,15.3,14.6,95.67,2.278,100.0,rain,0.0,0.0,9.5,324.0,1016.1,83.6,34.0,0.1,0.0
2020-07-14T08:00:00,15.4,14.3,92.72,0.0,0.0,,0.0,0.0,13.3,338.0,1016.3,87.9,139.0,0.5,1.0
2020-07-14T09:00:00,16.0,13.9,87.07,0.0,0.0,,0.0,0.0,16.7,347.0,1016.2,87.7,268.0,1.0,3.0
2020-07-14T10:00:00,16.8,12.6,76.64,0.0,0.0,,0.0,0.0,17.6,344.0,1016.2,90.0,330.0,1.2,3.0
2020-07-14T11:00:00,17.8,12.1,69.33,0.0,0.0,,0.0,0.0,17.3,335.0,1016.1,75.6,568.0,2.0,6.0
2020-07-14T12:00:00,18.1,11.3,64.22,0.0,0.0,,0.0,0.0,14.5,331.0,1015.9,81.1,240.0,0.9,2.0
2020-07-14T13:00:00,18.2,10.7,61.82,0.073,100.0,rain,0.0,0.0,13.2,325.0,1015.8,85.4,221.0,0.8,2.0
2020-07-14T14:00:00,18.3,10.4,59.79,0.0,0.0,,0.0,0.0,16.0,323.0,1015.6,82.7,247.0,0.9,2.0
2020-07-14T15:00:00,18.8,10.3,57.98,0.0,0.0,,0.0,0.0,15.2,322.0,1015.5,73.8,297.0,1.1,3.0
2020-07-14T16:00:00,18.9,9.7,55.37,0.0,0.0,,0.0,0.0,16.6,314.0,1015.2,68.3,229.0,0.8,2.0
2020-07-14T17:00:00,19.2,9.5,53.58,0.0,0.0,,0.0,0.0,14.8,321.0,1014.9,57.5,204.0,0.7,2.0
2020-07-14T18:00:00,18.5,9.6,56.07,0.0,0.0,,0.0,0.0,13.5,328.0,1014.7,79.4,117.0,0.4,1.0
2020-07-14T19:00:00,18.2,9.6,56.94,0.0,0.0,,0.0,0.0,13.1,335.0,1014.8,64.7,99.0,0.4,1.0
2020-07-14T20:00:00,17.3,10.0,62.18,0.0,0.0,,0.0,0.0,8.8,351.0,1014.7,68.5,46.0,0.2,0.0
2020-07-14T21:00:00,15.8,11.0,73.11,0.0,0.0,,0.0,0.0,8.6,32.0,1014.8,87.2,14.0,0.1,0.0
2020-07-14T22:00:00,14.9,11.3,78.95,0.0,0.0,,0.0,0.0,6.0,312.0,1015.3,91.0,0.0,0.0,0.0
2020-07-14T23:00:00,14.4,11.4,82.51,0.0,0.0,,0.0,0.0,5.5,294.0,1015.3,83.8,0.0,0.0,0.0
2020-07-15T00:00:00,13.7,11.3,85.31,0.0,0.0,,0.0,0.0,5.6,312.0,1015.5,81.7,0.0,0.0,0.0
2020-07-15T01:00:00,12.8,10.3,84.61,0.0,0.0,,0.0,0.0,7.3,318.0,1015.2,47.2,0.0,0.0,0.0
2020-07-15T02:00:00,12.0,9.7,86.05,0.0,0.0,,0.0,0.0,8.0,308.0,1015.2,73.0,0.0,0.0,0.0
2020-07-15T03:00:00,10.8,9.1,88.75,0.0,0.0,,0.0,0.0,8.7,304.0,1015.1,26.5,0.0,0.0,0.0
2020-07-15T04:00:00,10.3,8.6,89.2,0.0,0.0,,0.0,0.0,8.2,296.0,1014.9,17.2,0.0,0.0,0.0
2020-07-15T05:00:00,9.6,8.2,90.94,0.0,0.0,,0.0,0.0,7.2,300.0,1014.9,16.0,5.0,0.0,0.0
2020-07-15T06:00:00,10.1,8.7,91.06,0.0,0.0,,0.0,0.0,6.8,298.0,1015.0,23.0,46.0,0.2,0.0
2020-07-15T07:00:00,12.4,10.0,85.45,0.0,0.0,,0.0,0.0,7.3,302.0,1015.0,16.5,217.0,0.8,2.0
2020-07-15T08:00:00,14.3,10.2,76.33,0.0,0.0,,0.0,0.0,8.4,307.0,1015.0,7.2,311.0,1.1,3.0
2020-07-15T09:00:00,15.8,10.1,68.99,0.0,0.0,,0.0,0.0,10.8,288.0,1015.0,24.9,460.0,1.7,5.0
2020-07-15T10:00:00,16.5,10.1,65.62,0.0,0.0,,0.0,0.0,11.5,281.0,1015.0,53.7,342.0,1.2,3.0
2020-07-15T11:00:00,17.0,10.3,64.61,0.0,0.0,,0.0,0.0,14.3,259.0,1015.1,83.6,262.0,0.9,3.0
2020-07-15T12:00:00,17.4,10.6,63.96,0.0,0.0,,0.0,0.0,13.9,263.0,1015.0,77.9,311.0,1.1,3.0
2020-07-15T13:00:00,17.3,10.7,65.12,0.0,0.0,,0.0,0.0,15.5,270.0,1015.1,94.1,,0.6,2.0
2020-07-15T14:00:00,17.3,11.2,67.67,0.0,0.0,,0.0,0.0,15.6,278.0,1015.1,82.2,147.0,0.5,1.0
2020-07-15T15:00:00,17.0,12.0,72.26,0.0,0.0,,0.0,0.0,15.0,283.0,1015.2,92.8,135.0,0.5,1.0
2020-07-15T16:00:00,16.3,12.8,80.06,0.0,0.0,,0.0,0.0,10.2,262.0,1015.3,94.1,97.0,0.3,1.0
2020-07-15T17:00:00,15.5,12.9,84.82,0.0,0.0,,0.0,0.0,15.1,289.0,1015.4,87.0,98.0,0.4,1.0
2020-07-15T18:00:00,15.8,12.7,81.67,0.014,100.0,rain,0.0,0.0,9.8,292.0,1015.4,90.2,57.0,0.2,1.0
2020-07-15T19:00:00,15.6,12.9,83.66,0.024,100.0,rain,0.0,0.0,10.1,296.0,1015.6,86.2,24.0,0.1,0.0
2020-07-15T20:00:00,15.5,12.7,83.06,0.0,0.0,,0.0,0.0,10.3,289.0,1015.7,88.0,21.0,0.1,0.0
2020-07-15T21:00:00,15.0,12.8,86.64,0.0,0.0,,0.0,0.0,11.5,289.0,1016.1,93.4,12.0,0.0,0.0
2020-07-15T22:00:00,14.7,12.9,88.95,0.0,0.0,,0.0,0.0,11.3,274.0,1016.5,92.0,0.0,0.0,0.0
2020-07-15T23:00:00,14.8,13.0,88.93,0.0,0.0,,0.0,0.0,10.6,275.0,1016.7,94.1,0.0,0.0,0.0
2020-07-16T00:00:00,14.7,13.0,89.66,0.0,0.0,,0.0,0.0,9.9,274.0,1016.9,92.0,0.0,0.0,0.0
2020-07-16T01:00:00,14.7,12.9,89.1,0.0,0.0,,0.0,0.0,11.9,269.0,1016.7,92.0,0.0,0.0,0.0
2020-07-16T02:00:00,14.6,12.8,88.49,0.0,0.0,,0.0,0.0,14.0,282.0,1016.7,86.9,0.0,0.0,0.0
2020-07-16T03:00:00,14.6,12.5,87.16,0.0,0.0,,0.0,0.0,14.4,290.0,1016.7,86.9,0.0,0.0,0.0
2020-07-16T04:00:00,14.6,12.5,87.35,0.0,0.0,,0.0,0.0,13.3,286.0,1016.7,94.1,0.0,0.0,0.0
2020-07-16T05:00:00,14.6,12.4,86.8,0.0,0.0,,0.0,0.0,13.2,295.0,1016.9,92.0,21.3,0.1,0.0
2020-07-16T06:00:00,14.5,12.5,87.75,0.0,0.0,,0.0,0.0,13.6,295.0,1017.3,95.1,6.0,0.0,0.0
2020-07-16T07:00:00,14.3,13.1,92.64,0.026,100.0,rain,0.0,0.0,13.7,303.0,1017.7,88.9,44.0,0.2,0.0
2020-07-16T08:00:00,14.8,13.4,91.67,0.028,100.0,rain,0.0,0.0,14.0,316.0,1018.1,80.5,99.0,0.4,1.0
2020-07-16T09:00:00,15.0,13.2,88.56,0.014,100.0,rain,0.0,0.0,13.8,322.0,1018.5,94.1,98.0,0.4,1.0
2020-07-16T10:00:00,15.7,13.3,86.16,0.0,0.0,,0.0,0.0,15.6,324.0,1018.8,92.0,135.0,0.5,1.0
2020-07-16T11:00:00,16.3,13.6,84.17,0.0,0.0,,0.0,0.0,14.2,312.0,1019.2,93.4,151.0,0.5,2.0
2020-07-16T12:00:00,17.2,13.1,76.63,0.0,0.0,,0.0,0.0,16.0,319.0,1019.5,93.4,145.0,0.5,1.0
2020-07-16T13:00:00,17.6,12.7,72.9,0.177,100.0,rain,0.0,0.0,16.6,310.0,1019.5,94.1,184.0,0.7,2.0
2020-07-16T14:00:00,18.1,12.7,70.9,0.0,0.0,,0.0,0.0,15.1,320.0,1019.7,96.2,156.0,0.6,2.0
2020-07-16T15:00:00,18.7,13.2,70.26,0.0,0.0,,0.0,0.0,13.7,316.0,1019.9,96.2,213.0,0.8,2.0
2020-07-16T16:00:00,19.6,13.6,68.4,0.0,0.0,,0.0,0.0,11.7,327.0,1019.7,87.7,165.0,0.6,2.0
2020-07-16T17:00:00,20.0,13.6,66.68,0.0,0.0,,0.0,0.0,11.6,318.0,1019.7,93.8,174.0,0.6,2.0
2020-07-16T18:00:00,20.2,13.9,66.78,0.0,0.0,,0.0,0.0,12.4,310.0,1019.8,88.5,133.0,0.5,1.0
2020-07-16T19:00:00,20.2,13.9,66.91,0.0,0.0,,0.0,0.0,11.3,311.0,1020.0,95.9,85.0,0.3,1.0
2020-07-16T20:00:00,19.9,14.1,69.43,0.0,0.0,,0.0,0.0,9.4,310.0,1020.2,95.9,40.0,0.1,0.0
2020-07-16T21:00:00,19.1,14.5,74.89,0.0,0.0,,0.0,0.0,7.9,282.0,1020.6,95.9,10.0,0.0,0.0
2020-07-16T22:00:00,18.6,14.5,77.07,0.0,0.0,,0.0,0.0,6.7,290.0,1020.9,95.2,0.0,0.0,0.0
2020-07-16T23:00:00,17.9,14.7,81.42,0.0,0.0,,0.0,0.0,5.6,286.0,1020.9,90.3,0.0,0.0,0.0
2020-07-17T00:00:00,17.1,14.7,85.78,0.0,0.0,,0.0,0.0,5.8,251.0,1020.9,82.9,0.0,0.0,0.0
2020-07-17T01:00:00,17.4,15.0,85.6,0.0,0.0,,0.0,0.0,7.6,260.0,1020.7,92.8,0.0,0.0,0.0
2020-07-17T02:00:00,17.4,14.9,85.0,0.0,0.0,,0.0,0.0,6.9,286.0,1020.5,90.0,0.0,0.0,0.0
2020-07-17T03:00:00,17.1,15.0,87.72,0.0,0.0,,0.0,0.0,6.4,270.0,1020.4,92.4,0.0,0.0,0.0
2020-07-17T04:00:00,16.6,14.8,88.97,0.0,0.0,,0.0,0.0,5.8,280.0,1020.3,95.2,0.0,0.0,0.0
2020-07-17T05:00:00,16.1,14.4,89.95,0.0,0.0,,0.0,0.0,6.0,272.0,1020.3,95.2,4.0,0.0,0.0
2020-07-17T06:00:00,16.0,14.7,92.22,0.0,0.0,,0.0,0.0,5.9,256.0,1020.6,93.8,22.0,0.1,0.0
2020-07-17T07:00:00,17.5,15.3,86.89,0.0,0.0,,0.0,0.0,6.2,266.0,1020.6,85.8,90.0,0.3,1.0
2020-07-17T08:00:00,18.8,15.4,80.34,0.0,0.0,,0.0,0.0,8.0,273.0,1020.9,93.8,187.0,0.7,2.0
2020-07-17T09:00:00,20.2,15.4,73.8,0.0,0.0,,0.0,0.0,10.2,267.0,1020.8,92.6,267.0,1.0,3.0
2020-07-17T10:00:00,21.7,13.9,61.35,0.0,0.0,,0.0,0.0,10.6,247.0,1020.7,83.4,468.0,1.7,5.0
2020-07-17T11:00:00,21.8,13.5,59.17,0.0,0.0,,0.0,0.0,12.7,249.0,1020.5,62.3,707.0,2.5,7.0
2020-07-17T12:00:00,22.9,13.2,54.23,0.0,0.0,,0.0,0.0,13.2,240.0,1020.2,49.6,393.0,1.4,4.0
2020-07-17T13:00:00,23.2,13.4,54.03,0.0,0.0,,0.0,0.0,15.4,259.0,1020.2,70.9,576.0,2.1,6.0
2020-07-17T14:00:00,23.8,13.2,51.56,0.0,0.0,,0.0,0.0,15.5,232.0,1019.9,47.6,286.0,1.0,3.0
2020-07-17T15:00:00,24.7,13.4,49.61,0.0,0.0,,0.0,0.0,14.7,248.0,1019.6,36.0,422.0,1.5,4.0
2020-07-17T16:00:00,25.0,12.9,46.81,0.0,0.0,,0.0,0.0,16.6,226.0,1019.3,37.9,72.0,0.3,1.0
2020-07-17T17:00:00,25.0,12.8,46.88,0.0,0.0,,0.0,0.0,14.3,244.0,1018.8,25.5,77.0,0.3,1.0
2020-07-17T18:00:00,25.2,13.0,46.62,0.0,0.0,,0.0,0.0,14.5,242.0,1018.4,45.8,146.0,0.5,1.0
2020-07-17T19:00:00,24.9,14.0,50.94,0.0,0.0,,0.0,0.0,10.5,247.0,1018.2,40.7,87.0,0.3,1.0
2020-07-17T20:00:00,23.5,13.9,54.92,0.0,0.0,,0.0,0.0,9.2,250.0,1018.1,39.1,24.0,0.1,0.0
2020-07-17T21:00:00,21.5,14.1,62.58,0.0,0.0,,0.0,0.0,9.9,237.0,1018.5,34.6,12.0,0.0,0.0
2020-07-17T22:00:00,19.7,13.7,68.32,0.0,0.0,,0.0,0.0,7.6,256.0,1019.0,41.5,0.0,0.0,0.0
2020-07-17T23:00:00,17.5,12.9,74.42,0.0,0.0,,0.0,0.0,8.9,270.0,1019.1,8.3,0.0,0.0,0.0
2020-07-18T00:00:00,16.4,12.6,78.27,0.0,0.0,,0.0,0.0,10.9,269.0,1019.3,12.0,0.0,0.0,0.0
2020-07-18T01:00:00,15.3,12.5,83.18,0.0,0.0,,0.0,0.0,9.3,267.0,1019.4,7.0,0.0,0.0,0.0
2020-07-18T02:00:00,14.4,11.9,84.97,0.0,0.0,,0.0,0.0,8.4,263.0,1019.1,48.1,0.0,0.0,0.0
2020-07-18T03:00:00,14.1,12.4,89.87,0.0,0.0,,0.0,0.0,8.0,266.0,1018.9,51.1,0.0,0.0,0.0
2020-07-18T04:00:00,13.9,12.3,89.92,0.0,0.0,,0.0,0.0,8.3,250.0,1018.6,47.0,0.0,0.0,0.0
2020-07-18T05:00:00,14.3,12.9,91.49,0.0,0.0,,0.0,0.0,10.0,250.0,1018.4,68.4,5.0,0.0,0.0
2020-07-18T06:00:00,14.7,13.4,91.66,0.0,0.0,,0.0,0.0,10.1,244.0,1018.4,80.2,28.0,0.1,0.0
2020-07-18T07:00:00,15.6,14.0,89.99,0.0,0.0,,0.0,0.0,9.5,244.0,1018.1,49.2,123.0,0.4,1.0
2020-07-18T08:00:00,17.4,14.2,81.3,0.0,0.0,,0.0,0.0,14.1,258.0,1018.0,75.8,221.0,0.8,2.0
2020-07-18T09:00:00,18.5,14.0,75.22,0.0,0.0,,0.0,0.0,14.8,262.0,1017.9,78.9,182.0,0.7,2.0
2020-07-18T10:00:00,18.8,13.5,71.32,0.0,0.0,,0.0,0.0,15.5,257.0,1017.9,79.4,234.0,0.8,2.0
2020-07-18T11:00:00,19.2,13.1,67.66,0.0,0.0,,0.0,0.0,16.4,252.0,1017.7,83.4,281.0,1.0,3.0
2020-07-18T12:00:00,20.0,13.2,65.1,0.0,0.0,,0.0,0.0,15.6,244.0,1017.5,85.1,507.0,1.8,5.0
2020-07-18T13:00:00,20.8,13.4,62.86,0.0,0.0,,0.0,0.0,16.5,266.0,1017.4,77.2,603.0,2.2,6.0
2020-07-18T14:00:00,21.9,13.3,58.26,0.0,0.0,,0.0,0.0,18.2,259.0,1017.2,78.2,341.0,1.2,3.0
2020-07-18T15:00:00,22.7,12.9,53.9,0.0,0.0,,0.0,0.0,16.9,260.0,1016.9,65.7,365.0,1.3,4.0
2020-07-18T16:00:00,23.4,13.3,52.89,0.0,0.0,,0.0,0.0,15.9,260.0,1016.4,40.0,47.0,0.2,0.0
2020-07-18T17:00:00,23.0,13.0,53.36,0.0,0.0,,0.0,0.0,14.7,273.0,1016.1,30.9,89.0,0.3,1.0
2020-07-18T18:00:00,22.9,13.0,53.78,0.0,0.0,,0.0,0.0,13.9,277.0,1015.8,45.4,139.0,0.5,1.0
2020-07-18T19:00:00,22.1,13.7,58.91,0.0,0.0,,0.0,0.0,14.7,293.0,1015.9,32.6,88.0,0.3,1.0
2020-07-18T20:00:00,21.4,13.6,61.09,0.0,0.0,,0.0,0.0,11.0,313.0,1016.0,64.7,40.0,0.1,0.0
2020-07-18T21:00:00,19.6,13.9,69.3,0.0,0.0,,0.0,0.0,6.8,315.0,1016.3,77.1,9.0,0.0,0.0
2020-07-18T22:00:00,18.2,13.7,75.12,0.0,0.0,,0.0,0.0,4.7,324.0,1016.6,86.3,0.0,0.0,0.0
2020-07-18T23:00:00,17.9,14.0,77.99,0.0,0.0,,0.0,0.0,4.6,311.0,1016.7,95.9,0.0,0.0,0.0
2020-07-19T00:00:00,17.5,14.3,81.57,0.0,0.0,,0.0,0.0,5.5,266.0,1016.5,92.6,0.0,0.0,0.0
2020-07-19T01:00:00,16.6,14.1,85.29,0.0,0.0,,0.0,0.0,7.5,246.0,1016.3,97.2,0.0,0.0,0.0
2020-07-19T02:00:00,16.5,14.2,86.15,0.0,0.0,,0.0,0.0,10.2,260.0,1016.1,97.2,0.0,0.0,0.0
2020-07-19T03:00:00,16.3,14.1,86.95,0.222,100.0,rain,0.0,0.0,9.3,284.0,1016.1,96.5,0.0,0.0,0.0
2020-07-19T04:00:00,15.7,14.1,90.19,0.206,100.0,rain,0.0,0.0,6.5,290.0,1015.6,97.2,0.0,0.0,0.0
2020-07-19T05:00:00,15.3,14.0,91.75,0.048,100.0,rain,0.0,0.0,11.5,296.0,1015.6,89.7,14.8,0.1,0.0
2020-07-19T06:00:00,15.1,14.1,93.51,0.117,100.0,rain,0.0,0.0,10.0,288.0,1015.7,79.2,12.0,0.0,0.0
2020-07-19T07:00:00,14.8,13.5,91.95,0.168,,rain,0.0,0.0,12.7,321.0,1015.9,90.7,37.0,0.1,0.0
2020-07-19T08:00:00,14.5,13.2,92.37,0.028,100.0,rain,0.0,0.0,15.2,338.0,1016.3,90.0,78.0,0.3,1.0
2020-07-19T09:00:00,14.7,13.2,90.88,0.0,0.0,,0.0,0.0,13.9,343.0,1016.6,94.8,99.0,0.4,1.0
2020-07-19T10:00:00,14.5,12.8,89.23,0.0,0.0,,0.0,0.0,17.7,356.0,1017.0,95.7,121.0,0.4,1.0
2020-07-19T11:00:00,15.1,12.5,84.38,0.0,0.0,,0.0,0.0,17.2,7.0,1017.4,83.3,138.0,0.5,1.0
2020-07-19T12:00:00,15.9,12.4,79.81,0.0,0.0,,0.0,0.0,16.3,,1017.6,82.3,183.0,0.7,2.0
2020-07-19T13:00:00,16.7,11.5,71.41,0.437,100.0,rain,0.0,0.0,13.7,7.0,1017.9,87.9,179.0,0.6,2.0
2020-07-19T14:00:00,17.4,10.9,65.45,0.0,0.0,,0.0,0.0,16.5,5.0,1018.0,76.8,181.0,0.7,2.0
2020-07-19T15:00:00,18.2,10.4,60.17,0.0,0.0,,0.0,0.0,14.5,20.0,1017.9,84.8,173.0,0.6,2.0
2020-07-19T16:00:00,18.3,9.6,57.23,0.0,0.0,,0.0,0.0,13.8,10.0,1018.1,80.3,189.0,0.7,2.0
2020-07-19T17:00:00,18.1,9.3,56.34,0.0,0.0,,0.0,0.0,12.8,25.0,1018.2,84.5,86.0,0.3,1.0
2020-07-19T18:00:00,17.8,9.7,59.1,0.0,0.0,,0.0,0.0,12.8,37.0,1018.2,86.9,134.0,0.5,1.0
2020-07-19T19:00:00,18.1,9.2,55.97,0.0,0.0,,0.0,0.0,11.9,49.0,1018.5,64.0,74.0,0.3,1.0
2020-07-19T20:00:00,16.9,9.0,59.78,0.0,0.0,,0.0,0.0,10.4,66.0,1018.8,34.3,46.0,0.2,0.0
2020-07-19T21:00:00,15.4,8.5,63.45,0.0,0.0,,0.0,0.0,6.9,76.0,1019.1,21.1,9.0,0.0,0.0
2020-07-19T22:00:00,14.0,9.2,73.06,0.0,0.0,,0.0,0.0,6.6,105.0,1019.8,23.2,0.0,0.0,0.0
2020-07-19T23:00:00,13.0,9.1,77.22,0.0,0.0,,0.0,0.0,5.9,108.0,1020.1,50.0,0.0,0.0,0.0
2020-07-20T00:00:00,12.3,8.9,79.72,0.0,0.0,,0.0,0.0,4.6,130.0,1020.3,73.0,0.0,0.0,0.0
2020-07-20T01:00:00,11.6,8.9,83.37,0.0,0.0,,0.0,0.0,4.1,345.0,1020.7,49.6,0.0,0.0,0.0
2020-07-20T02:00:00,10.5,9.0,89.94,0.0,0.0,,0.0,0.0,4.4,10.0,1020.9,30.0,0.0,0.0,0.0
2020-07-20T03:00:00,10.2,8.4,88.58,0.0,0.0,,0.0,0.0,6.4,321.0,1021.0,29.3,0.0,0.0,0.0
2020-07-20T04:00:00,9.8,8.3,90.27,0.0,0.0,,0.0,0.0,4.9,332.0,1021.0,21.7,0.0,0.0,0.0
2020-07-20T05:00:00,8.5,7.2,91.89,0.0,0.0,,0.0,0.0,8.3,315.0,1021.3,29.2,4.0,0.0,0.0
2020-07-20T06:00:00,9.7,8.6,93.23,0.0,0.0,,0.0,0.0,8.3,324.0,1021.6,57.4,32.0,0.1,0.0
2020-07-20T07:00:00,11.3,9.8,90.33,0.0,0.0,,0.0,0.0,11.1,333.0,1021.8,33.8,84.0,0.3,1.0
2020-07-20T08:00:00,13.1,9.9,80.64,0.0,0.0,,0.0,0.0,14.8,345.0,1022.1,30.7,167.0,0.6,2.0
2020-07-20T09:00:00,15.1,9.1,67.32,0.0,0.0,,0.0,0.0,13.4,354.0,1022.4,26.0,343.0,1.2,3.0
2020-07-20T10:00:00,16.6,7.8,56.26,0.0,0.0,,0.0,0.0,11.5,344.0,1022.6,13.1,619.0,2.2,6.0
2020-07-20T11:00:00,17.4,7.2,51.16,0.0,0.0,,0.0,0.0,13.5,332.0,1022.8,16.1,629.0,2.3,6.0
2020-07-20T12:00:00,17.6,6.6,48.49,0.0,0.0,,0.0,0.0,13.1,294.0,1022.8,38.1,868.0,3.1,9.0
2020-07-20T13:00:00,18.4,6.7,46.51,0.0,0.0,,0.0,0.0,13.9,294.0,1022.8,44.8,577.0,2.1,6.0
2020-07-20T14:00:00,18.7,6.9,46.26,0.0,0.0,,0.0,0.0,14.3,291.0,1022.7,51.0,537.0,1.9,5.0
2020-07-20T15:00:00,19.5,6.8,43.72,0.0,0.0,,0.0,0.0,15.1,296.0,1022.8,36.9,377.0,1.4,4.0
2020-07-20T16:00:00,19.5,6.7,43.5,0.0,0.0,,0.0,0.0,15.4,16.0,1022.8,44.1,71.0,0.3,1.0
2020-07-20T17:00:00,19.0,6.6,44.35,0.0,0.0,,0.0,0.0,14.4,17.0,1022.8,71.8,77.0,0.3,1.0
2020-07-20T18:00:00,18.9,6.7,44.88,0.0,0.0,,0.0,0.0,12.6,359.0,1022.9,72.9,187.0,0.7,2.0
2020-07-20T19:00:00,18.3,6.2,45.04,0.0,0.0,,0.0,0.0,13.5,358.0,1023.1,59.5,198.0,0.7,2.0
2020-07-20T20:00:00,17.2,6.9,51.04,0.0,0.0,,0.0,0.0,11.1,2.0,1023.6,57.5,24.0,0.1,0.0
2020-07-20T21:00:00,15.7,7.3,57.41,0.0,0.0,,0.0,0.0,5.1,11.0,1024.1,58.5,10.0,0.0,0.0
2020-07-20T22:00:00,13.7,8.7,71.67,0.0,0.0,,0.0,0.0,8.0,76.0,1024.6,60.3,0.0,0.0,0.0
2020-07-20T23:00:00,13.0,8.9,75.93,0.0,0.0,,0.0,0.0,7.9,129.0,1024.7,61.1,0.0,0.0,0.0
2020-07-21T00:00:00,11.6,8.3,80.67,0.0,0.0,,0.0,0.0,6.0,238.0,1025.1,49.5,0.0,0.0,0.0
2020-07-21T01:00:00,11.5,9.3,86.25,0.0,0.0,,0.0,0.0,7.0,232.0,1025.3,38.1,0.0,0.0,0.0
2020-07-21T02:00:00,10.0,8.1,87.55,0.0,0.0,,0.0,0.0,7.2,288.0,1025.3,37.3,0.0,0.0,0.0
2020-07-21T03:00:00,9.8,7.1,83.72,0.0,0.0,,0.0,0.0,8.3,300.0,1025.3,0.0,0.0,0.0,0.0
2020-07-21T04:00:00,9.4,6.9,84.85,0.0,0.0,,0.0,0.0,6.5,311.0,1025.2,0.0,0.0,0.0,0.0
2020-07-21T05:00:00,8.6,6.8,88.63,0.0,0.0,,0.0,0.0,7.5,308.0,1025.1,5.7,4.0,0.0,0.0
2020-07-21T06:00:00,8.7,7.2,90.74,0.0,0.0,,0.0,0.0,7.2,309.0,1025.3,0.0,34.0,0.1,0.0
2020-07-21T07:00:00,10.8,8.5,85.5,0.0,0.0,,0.0,0.0,10.5,318.0,1025.6,0.0,192.0,0.7,2.0
2020-07-21T08:00:00,13.1,8.8,75.26,0.0,0.0,,0.0,0.0,11.7,330.0,1025.8,7.2,340.0,1.2,3.0
2020-07-21T09:00:00,15.0,8.2,63.82,0.0,0.0,,0.0,0.0,12.9,339.0,1026.1,7.2,418.0,1.5,4.0
2020-07-21T10:00:00,16.6,8.0,56.58,0.0,0.0,,0.0,0.0,13.0,335.0,1026.3,35.2,633.0,2.3,6.0
2020-07-21T11:00:00,16.8,6.7,51.29,0.0,,,0.0,0.0,12.3,336.0,1026.3,32.0,680.0,2.4,7.0
2020-07-21T12:00:00,17.4,6.2,47.76,0.0,0.0,,0.0,0.0,11.7,336.0,1026.2,49.7,496.0,1.8,5.0
2020-07-21T13:00:00,17.8,6.1,46.44,0.0,0.0,,0.0,0.0,14.8,324.0,1026.1,64.8,455.0,1.6,5.0
2020-07-21T14:00:00,18.1,6.7,47.23,0.0,0.0,,0.0,0.0,15.0,359.0,1026.1,71.9,386.0,1.4,4.0
2020-07-21T15:00:00,18.7,6.5,44.76,0.0,0.0,,0.0,0.0,12.6,8.0,1025.9,84.6,324.0,1.2,3.0
2020-07-21T16:00:00,18.8,6.3,44.04,0.0,0.0,,0.0,0.0,10.9,15.0,1025.7,67.4,163.0,0.6,2.0
2020-07-21T17:00:00,18.4,6.3,45.17,0.0,0.0,,0.0,0.0,12.0,18.0,1025.6,89.0,156.0,0.6,2.0
2020-07-21T18:00:00,18.4,6.3,45.1,0.0,0.0,,0.0,0.0,9.2,9.0,1025.4,88.6,136.0,0.5,1.0
2020-07-21T19:00:00,18.1,6.9,48.0,0.0,0.0,,0.0,0.0,9.6,40.0,1025.3,58.2,89.0,0.3,1.0
2020-07-21T20:00:00,17.0,8.0,55.42,0.0,0.0,,0.0,0.0,8.8,107.0,1025.4,77.8,40.0,0.1,0.0
2020-07-21T21:00:00,15.7,9.0,64.73,0.0,0.0,,0.0,0.0,6.8,106.0,1025.6,94.8,10.0,0.0,0.0
2020-07-21T22:00:00,14.6,9.3,70.62,0.0,0.0,,0.0,0.0,9.6,125.0,1025.9,68.9,0.0,0.0,0.0
2020-07-21T23:00:00,13.8,9.5,75.31,0.0,0.0,,0.0,0.0,8.3,136.0,1026.2,89.6,0.0,0.0,0.0
2020-07-22T00:00:00,13.4,9.7,78.41,0.0,0.0,,0.0,0.0,8.2,148.0,1026.2,79.3,0.0,0.0,0.0
2020-07-22T01:00:00,13.4,10.0,80.09,0.0,0.0,,0.0,0.0,8.0,158.0,1026.4,86.1,0.0,0.0,0.0
2020-07-22T02:00:00,13.3,10.2,81.15,0.0,0.0,,0.0,0.0,7.4,156.0,1026.3,79.4,0.0,0.0,0.0
2020-07-22T03:00:00,13.5,10.2,80.33,0.0,0.0,,0.0,0.0,7.6,180.0,1026.2,93.0,0.0,0.0,0.0
2020-07-22T04:00:00,13.6,10.2,79.67,0.0,0.0,,0.0,0.0,7.2,181.0,1025.8,99.3,0.0,0.0,0.0
2020-07-22T05:00:00,13.5,10.3,80.92,0.0,0.0,,0.0,0.0,6.7,194.0,1025.3,100.0,1.0,0.0,0.0
2020-07-22T06:00:00,13.5,10.0,79.4,0.0,0.0,,0.0,0.0,7.1,194.0,1025.1,87.6,14.0,0.1,0.0
2020-07-22T07:00:00,14.4,10.3,76.81,0.0,0.0,,0.0,0.0,7.9,197.0,1024.8,76.3,138.0,0.5,1.0
2020-07-22T08:00:00,15.8,10.2,69.11,0.0,0.0,,0.0,0.0,11.0,208.0,1024.7,17.8,273.0,1.0,3.0
2020-07-22T09:00:00,17.1,9.7,62.12,0.0,0.0,,0.0,0.0,12.4,227.0,1024.8,42.9,252.0,0.9,3.0
2020-07-22T10:00:00,17.8,9.9,59.67,0.0,0.0,,0.0,0.0,12.7,223.0,1024.8,66.9,445.0,1.6,4.0
2020-07-22T11:00:00,18.7,9.8,56.26,0.0,0.0,,0.0,0.0,12.9,224.0,1024.5,64.0,572.0,2.1,6.0
2020-07-22T12:00:00,20.1,9.4,50.05,0.0,0.0,,0.0,0.0,12.6,218.0,1023.9,42.4,634.0,2.3,6.0
2020-07-22T13:00:00,20.8,8.4,45.09,0.0,0.0,,0.0,0.0,13.4,220.0,1023.3,51.3,659.0,2.4,7.0
2020-07-22T14:00:00,21.1,8.2,43.39,0.0,0.0,,0.0,0.0,13.9,214.0,1022.7,49.9,450.0,1.6,5.0
2020-07-22T15:00:00,22.3,9.2,43.35,0.0,0.0,,0.0,0.0,14.9,213.0,1022.0,52.1,399.0,1.4,4.0
2020-07-22T16:00:00,23.0,10.0,43.68,0.0,0.0,,0.0,0.0,18.2,219.0,1021.3,41.1,112.0,0.4,1.0
2020-07-22T17:00:00,22.4,9.8,44.67,0.0,0.0,,0.0,0.0,18.0,202.0,1020.5,28.6,100.0,0.4,1.0
2020-07-22T18:00:00,22.1,9.3,43.87,0.0,0.0,,0.0,0.0,18.7,201.0,1019.8,47.9,126.0,0.5,1.0
2020-07-22T19:00:00,21.5,9.3,45.71,0.0,0.0,,0.0,0.0,19.6,216.0,1019.4,51.2,98.0,0.4,1.0
2020-07-22T20:00:00,20.6,9.6,49.3,0.0,0.0,,0.0,0.0,15.5,221.0,1019.5,60.6,24.0,0.1,0.0
2020-07-22T21:00:00,19.3,10.1,55.25,0.0,0.0,,0.0,0.0,11.0,233.0,1019.6,70.3,7.0,0.0,0.0
2020-07-22T22:00:00,18.2,10.4,60.67,0.0,0.0,,0.0,0.0,11.0,217.0,1019.7,76.1,0.0,0.0,0.0
2020-07-22T23:00:00,17.1,10.1,63.44,0.0,0.0,,0.0,0.0,10.3,214.0,1019.7,38.1,0.0,0.0,0.0
2020-07-23T00:00:00,16.1,10.4,68.84,0.0,0.0,,0.0,0.0,11.7,224.0,1019.8,32.9,0.0,0.0,0.0
2020-07-23T01:00:00,15.6,10.2,70.22,0.0,,,0.0,0.0,9.3,226.0,1019.7,41.0,0.0,0.0,0.0
2020-07-23T02:00:00,15.2,10.0,70.91,0.0,0.0,,0.0,0.0,10.5,233.0,1019.2,60.7,0.0,0.0,0.0
2020-07-23T03:00:00,14.3,9.7,73.53,0.0,0.0,,0.0,0.0,8.0,230.0,1018.8,59.1,0.0,0.0,0.0
2020-07-23T04:00:00,14.3,9.6,73.4,0.0,0.0,,0.0,0.0,10.7,231.0,1018.4,51.3,0.0,0.0,0.0
2020-07-23T05:00:00,14.0,9.1,71.93,0.0,0.0,,0.0,0.0,9.2,245.0,1018.1,54.1,28.7,0.1,0.0
2020-07-23T06:00:00,14.5,9.3,70.73,0.0,0.0,,0.0,0.0,11.2,239.0,1017.7,83.5,22.0,0.1,0.0
2020-07-23T07:00:00,15.3,9.5,68.2,0.0,0.0,,0.0,0.0,13.5,243.0,1017.3,88.0,70.0,0.3,1.0
2020-07-23T08:00:00,16.4,9.8,65.16,0.0,0.0,,0.0,0.0,12.4,240.0,1016.9,70.1,160.0,0.6,2.0
2020-07-23T09:00:00,17.8,9.2,56.87,0.0,0.0,,0.0,0.0,17.6,242.0,1016.9,60.5,266.0,1.0,3.0
2020-07-23T10:00:00,19.2,9.0,51.4,0.0,0.0,,0.0,0.0,18.4,241.0,1016.5,76.2,377.0,1.4,4.0
2020-07-23T11:00:00,21.3,10.0,48.51,0.0,0.0,,0.0,0.0,22.0,243.0,1015.9,54.2,689.0,2.5,7.0
2020-07-23T12:00:00,21.4,8.7,44.22,0.0,0.0,,0.0,0.0,23.8,240.0,1015.4,57.9,431.0,1.6,4.0
2020-07-23T13:00:00,22.6,8.3,39.89,0.0,0.0,,0.0,0.0,22.9,231.0,1014.7,46.4,460.0,1.7,5.0
2020-07-23T14:00:00,22.7,7.9,38.66,0.0,0.0,,0.0,0.0,26.4,237.0,1014.2,58.4,292.0,1.1,3.0
2020-07-23T15:00:00,24.1,8.5,37.05,0.0,0.0,,0.0,0.0,24.6,238.0,1013.3,67.7,276.0,,3.0
2020-07-23T16:00:00,23.7,7.6,35.6,0.0,0.0,,0.0,0.0,24.7,246.0,1012.8,70.4,152.0,0.5,2.0
2020-07-23T17:00:00,24.2,9.1,38.34,0.0,0.0,,0.0,0.0,21.8,239.0,1012.0,64.2,123.0,0.4,1.0
2020-07-23T18:00:00,23.6,7.9,36.51,0.0,0.0,,0.0,0.0,23.5,247.0,1011.5,57.5,142.0,0.5,1.0
2020-07-23T19:00:00,21.7,8.5,42.86,0.0,0.0,,0.0,0.0,20.5,271.0,1011.6,83.8,92.0,0.3,1.0
2020-07-23T20:00:00,20.1,11.2,56.3,0.0,0.0,,0.0,0.0,22.4,270.0,1011.7,75.0,38.0,0.1,0.0
2020-07-23T21:00:00,19.0,12.4,65.51,0.028,100.0,rain,0.0,0.0,18.0,272.0,1011.7,74.4,12.0,0.0,0.0
2020-07-23T22:00:00,18.3,12.8,70.26,0.0,0.0,,0.0,0.0,13.8,261.0,1012.0,85.3,0.0,0.0,0.0
2020-07-23T23:00:00,18.0,13.4,74.59,0.0,0.0,,0.0,0.0,14.6,256.0,1012.0,88.0,0.0,0.0,0.0
2020-07-24T00:00:00,17.8,14.0,78.32,0.0,0.0,,0.0,0.0,15.9,253.0,1011.8,89.0,0.0,0.0,0.0
2020-07-24T01:00:00,17.3,14.2,81.95,0.014,100.0,rain,0.0,0.0,15.4,261.0,1011.6,85.2,0.0,0.0,0.0
2020-07-24T02:00:00,16.7,14.3,85.81,0.014,100.0,rain,0.0,0.0,14.2,261.0,1011.6,77.4,0.0,0.0,0.0
2020-07-24T03:00:00,16.2,14.5,89.55,0.0,0.0,,0.0,0.0,15.0,274.0,1011.7,83.4,0.0,0.0,0.0
2020-07-24T04:00:00,16.0,14.6,91.39,0.0,0.0,,0.0,0.0,12.0,273.0,1011.6,67.8,0.0,0.0,0.0
2020-07-24T05:00:00,15.9,14.4,91.04,0.0,0.0,,0.0,0.0,10.2,279.0,1011.7,79.2,1.0,0.0,0.0
2020-07-24T06:00:00,16.0,14.4,90.19,0.0,0.0,,0.0,0.0,8.9,283.0,1011.7,73.3,17.0,0.1,0.0
2020-07-24T07:00:00,16.2,15.0,92.29,0.0,0.0,,0.0,0.0,10.3,278.0,1011.8,78.4,32.0,0.1,0.0
2020-07-24T08:00:00,17.1,15.2,88.89,0.0,0.0,,0.0,0.0,12.2,284.0,1012.0,88.0,80.0,0.3,1.0
2020-07-24T09:00:00,17.7,15.0,84.22,0.0,0.0,,0.0,0.0,12.6,293.0,1012.2,86.9,169.0,0.6,2.0
2020-07-24T10:00:00,18.7,14.2,75.11,0.0,0.0,,0.0,0.0,11.8,287.0,1012.4,78.6,295.0,1.1,3.0
2020-07-24T11:00:00,19.2,13.6,70.01,0.0,0.0,,0.0,0.0,11.9,277.0,1012.7,87.9,175.0,0.6,2.0
2020-07-24T12:00:00,19.9,13.5,66.57,0.0,0.0,,0.0,0.0,12.7,277.0,1012.8,91.0,199.0,0.7,2.0
2020-07-24T13:00:00,20.8,13.3,62.2,0.0,0.0,,0.0,0.0,11.7,283.0,1012.5,87.1,340.0,1.2,3.0
2020-07-24T14:00:00,21.4,13.1,58.92,0.0,0.0,,0.0,0.0,10.7,262.0,1012.3,90.7,241.0,0.9,2.0
2020-07-24T15:00:00,21.9,12.6,55.42,0.0,0.0,,0.0,0.0,12.6,245.0,1011.9,85.5,232.0,0.8,2.0
2020-07-24T16:00:00,22.9,13.3,54.89,0.0,0.0,,0.0,0.0,14.2,221.0,1011.4,82.7,202.0,0.7,2.0
2020-07-24T17:00:00,23.3,12.8,51.81,0.0,0.0,,0.0,0.0,18.8,237.0,1011.0,84.0,156.0,0.6,2.0
2020-07-24T18:00:00,22.9,12.7,52.68,0.0,0.0,,0.0,0.0,16.5,248.0,1010.8,92.2,133.0,0.5,1.0
2020-07-24T19:00:00,22.4,12.9,55.13,0.0,0.0,,0.0,0.0,14.3,246.0,1010.4,57.3,75.0,0.3,1.0
2020-07-24T20:00:00,21.4,13.6,61.22,0.0,0.0,,0.0,0.0,12.0,232.0,1010.3,72.2,33.0,0.1,0.0
2020-07-24T21:00:00,20.4,13.6,64.87,0.0,0.0,,0.0,0.0,11.5,208.0,1010.2,79.0,11.0,0.0,0.0
2020-07-24T22:00:00,19.5,14.3,72.19,0.0,0.0,,0.0,0.0,14.0,211.0,1010.5,65.8,0.0,0.0,0.0
2020-07-24T23:00:00,18.8,14.5,76.25,0.0,0.0,,0.0,0.0,14.8,215.0,1010.4,67.8,0.0,0.0,0.0
2020-07-25T00:00:00,18.2,14.5,79.21,0.0,0.0,,0.0,0.0,15.7,220.0,1010.0,80.9,0.0,0.0,0.0
2020-07-25T01:00:00,17.3,14.2,82.25,0.0,0.0,,0.0,0.0,14.4,219.0,1009.9,29.9,0.0,0.0,0.0
2020-07-25T02:00:00,16.7,14.2,85.53,0.0,0.0,,0.0,0.0,14.2,220.0,1009.5,36.7,0.0,0.0,0.0
2020-07-25T03:00:00,16.9,14.4,85.37,0.0,0.0,,0.0,0.0,15.6,229.0,1009.2,80.7,0.0,0.0,0.0
2020-07-25T04:00:00,16.6,14.9,89.43,0.0,0.0,,0.0,0.0,16.1,227.0,1008.9,91.7,0.0,0.0,0.0
2020-07-25T05:00:00,16.6,15.1,91.03,0.0,0.0,,0.0,0.0,15.2,216.0,1008.5,94.5,7.1,0.0,0.0
2020-07-25T06:00:00,16.5,15.4,92.88,0.0,0.0,,0.0,0.0,13.6,208.0,1008.2,88.0,16.0,0.1,0.0
2020-07-25T07:00:00,17.1,15.5,90.48,0.288,100.0,rain,0.0,0.0,16.2,212.0,1008.1,77.9,57.0,0.2,1.0
2020-07-25T08:00:00,17.7,15.5,86.91,0.0,0.0,,0.0,0.0,18.4,220.0,1008.0,83.1,50.0,0.2,1.0
2020-07-25T09:00:00,18.3,15.6,84.13,0.0,0.0,,0.0,0.0,22.6,223.0,1007.9,87.0,88.0,0.3,1.0
2020-07-25T10:00:00,19.1,16.3,83.39,0.0,0.0,,0.0,0.0,25.3,222.0,1007.6,86.9,203.0,0.7,2.0
2020-07-25T11:00:00,20.6,16.4,76.77,0.0,0.0,,0.0,0.0,25.7,225.0,1007.2,69.7,187.0,0.7,2.0
2020-07-25T12:00:00,21.0,15.8,72.23,0.0,0.0,,0.0,0.0,25.8,226.0,1007.1,79.2,214.0,0.8,2.0
2020-07-25T13:00:00,21.4,15.9,70.86,0.071,100.0,rain,0.0,0.0,26.6,228.0,1006.4,64.5,250.0,0.9,3.0
2020-07-25T14:00:00,22.3,16.0,67.51,0.0,0.0,,0.0,0.0,27.2,221.0,1005.9,60.0,294.0,1.1,3.0
2020-07-25T15:00:00,21.8,15.3,66.62,0.0,0.0,,0.0,0.0,29.0,217.0,1005.4,68.1,153.0,0.6,2.0
2020-07-25T16:00:00,20.4,15.1,71.49,0.0,0.0,,0.0,0.0,29.7,224.0,1005.5,65.2,81.0,0.3,1.0
2020-07-25T17:00:00,17.7,16.4,92.06,0.291,100.0,rain,0.0,,19.6,221.0,1005.6,67.4,48.0,0.2,0.0
2020-07-25T18:00:00,15.6,14.5,93.25,0.188,100.0,rain,0.0,0.0,14.8,260.0,1005.7,76.9,81.0,0.3,1.0
2020-07-25T19:00:00,15.5,14.4,92.92,5.879,100.0,rain,0.0,0.0,9.3,206.0,1004.9,81.8,47.0,0.2,0.0
2020-07-25T20:00:00,16.4,15.4,93.78,0.014,100.0,rain,0.0,0.0,12.5,211.0,1004.7,81.5,34.0,0.1,0.0
2020-07-25T21:00:00,16.0,14.9,93.27,0.0,0.0,,0.0,0.0,14.0,205.0,1004.6,70.5,10.0,0.0,0.0
2020-07-25T22:00:00,16.0,15.0,93.62,0.0,0.0,,0.0,0.0,13.9,222.0,1004.5,86.4,0.0,0.0,0.0
2020-07-25T23:00:00,15.5,14.7,94.9,0.028,100.0,rain,0.0,0.0,16.6,252.0,1004.7,63.7,0.0,0.0,0.0
2020-07-26T00:00:00,14.6,13.6,93.93,0.069,100.0,rain,0.0,0.0,13.6,253.0,1004.7,25.8,0.0,0.0,0.0
2020-07-26T01:00:00,13.8,12.9,94.09,0.307,100.0,rain,0.0,0.0,,246.0,1004.9,3.0,0.0,0.0,0.0
2020-07-26T02:00:00,13.5,12.7,95.12,0.0,0.0,,0.0,0.0,14.1,256.0,1005.2,0.0,0.0,0.0,0.0
2020-07-26T03:00:00,13.2,12.6,96.22,0.0,0.0,,0.0,0.0,13.9,261.0,1005.9,17.5,0.0,0.0,0.0
2020-07-26T04:00:00,12.7,12.0,96.1,0.0,0.0,,0.0,0.0,11.8,257.0,1006.3,9.0,0.0,0.0,0.0
2020-07-26T05:00:00,12.0,11.3,95.61,0.0,0.0,,0.0,0.0,10.8,253.0,1006.5,25.0,1.0,0.0,0.0
2020-07-26T06:00:00,12.0,11.6,97.22,0.0,0.0,,0.0,0.0,11.1,249.0,1007.0,6.6,29.0,0.1,0.0
2020-07-26T07:00:00,13.4,12.7,95.81,0.0,0.0,,0.0,,16.4,248.0,1007.8,11.2,168.0,0.6,2.0
2020-07-26T08:00:00,14.8,13.4,91.83,0.0,0.0,,0.0,0.0,19.2,254.0,1008.6,19.3,229.0,0.8,2.0
2020-07-26T09:00:00,16.4,13.7,,0.0,0.0,,0.0,0.0,19.9,261.0,1009.0,32.3,428.0,1.5,4.0
2020-07-26T10:00:00,17.6,13.3,75.99,0.0,0.0,,0.0,0.0,22.9,260.0,1009.5,49.1,265.0,1.0,3.0
2020-07-26T11:00:00,18.3,12.6,69.32,0.0,0.0,,0.0,0.0,23.5,251.0,1009.8,40.5,538.0,1.9,5.0
2020-07-26T12:00:00,19.5,12.6,64.49,0.0,0.0,,0.0,0.0,23.7,252.0,1010.2,65.1,578.0,2.1,6.0
2020-07-26T13:00:00,20.5,11.7,57.09,0.0,0.0,,0.0,0.0,25.2,253.0,1010.3,37.3,506.0,1.8,5.0
2020-07-26T14:00:00,19.7,11.4,58.51,0.0,0.0,,0.0,0.0,24.7,251.0,1010.6,49.3,260.0,0.9,3.0
2020-07-26T15:00:00,21.3,11.7,54.17,0.0,0.0,,0.0,0.0,23.9,252.0,1010.6,51.3,162.0,0.6,2.0
2020-07-26T16:00:00,21.7,11.1,51.18,0.0,0.0,,0.0,0.0,23.8,248.0,1010.8,29.4,124.0,0.4,1.0
2020-07-26T17:00:00,19.8,12.9,64.16,0.0,0.0,,0.0,0.0,21.9,245.0,1011.2,60.3,155.0,0.6,2.0
2020-07-26T18:00:00,20.1,12.0,59.76,0.0,0.0,,0.0,0.0,21.7,245.0,1011.1,58.2,103.0,0.4,1.0
2020-07-26T19:00:00,19.3,11.9,61.97,0.07,100.0,rain,0.0,0.0,25.4,236.0,1011.5,81.7,57.0,0.2,1.0
2020-07-26T20:00:00,18.5,11.8,65.14,0.0,0.0,,0.0,0.0,18.0,228.0,1012.0,53.1,30.0,0.1,0.0
2020-07-26T21:00:00,17.6,12.6,72.68,0.0,0.0,,0.0,0.0,15.7,218.0,1012.2,66.9,7.0,0.0,0.0
2020-07-26T22:00:00,16.9,12.9,77.25,0.0,0.0,,0.0,0.0,13.6,213.0,1012.7,61.6,0.0,0.0,0.0
2020-07-26T23:00:00,16.5,12.9,79.52,0.0,0.0,,0.0,0.0,13.8,209.0,1012.6,53.3,0.0,0.0,0.0
2020-07-27T00:00:00,16.2,12.9,81.06,0.0,0.0,,0.0,0.0,12.3,218.0,1012.8,85.3,0.0,0.0,0.0
2020-07-27T01:00:00,15.9,12.9,82.74,0.0,0.0,,0.0,0.0,13.0,218.0,1012.7,86.9,0.0,0.0,0.0
2020-07-27T02:00:00,15.7,13.0,84.33,0.0,0.0,,0.0,0.0,12.9,211.0,1012.2,91.2,0.0,0.0,0.0
2020-07-27T03:00:00,15.5,13.2,86.04,0.0,0.0,,0.0,0.0,14.1,209.0,1012.0,82.1,0.0,0.0,0.0
2020-07-27T04:00:00,15.1,13.5,90.14,0.0,0.0,,0.0,0.0,14.5,203.0,1011.9,83.1,0.0,0.0,0.0
2020-07-27T05:00:00,15.1,13.7,91.28,0.0,0.0,,0.0,0.0,12.2,198.0,1011.5,90.0,6.7,0.0,0.0
2020-07-27T06:00:00,15.2,13.7,90.85,0.0,0.0,,0.0,0.0,14.1,187.0,1010.8,91.0,15.0,0.1,0.0
2020-07-27T07:00:00,15.5,13.8,89.54,0.248,100.0,rain,0.0,0.0,14.3,184.0,1010.6,90.0,22.0,0.1,0.0
2020-07-27T08:00:00,15.6,13.9,89.37,0.014,100.0,rain,0.0,0.0,15.9,185.0,1010.0,84.8,55.0,0.2,1.0
2020-07-27T09:00:00,16.0,14.0,87.97,0.048,100.0,rain,0.0,0.0,15.0,182.0,1009.3,84.5,71.0,0.3,1.0
2020-07-27T10:00:00,16.0,14.1,88.92,0.27,100.0,rain,0.0,0.0,15.3,176.0,1008.7,95.2,87.0,0.3,1.0
2020-07-27T11:00:00,16.3,14.8,90.36,0.028,100.0,rain,0.0,0.0,18.7,176.0,1007.4,79.9,156.0,0.6,2.0
2020-07-27T12:00:00,17.8,14.8,82.41,0.0,0.0,,0.0,0.0,22.1,185.0,1006.2,74.0,488.0,1.8,5.0
2020-07-27T13:00:00,20.2,13.8,66.76,0.944,100.0,rain,0.0,0.0,30.5,196.0,1005.0,47.6,353.0,1.3,4.0
2020-07-27T14:00:00,19.1,14.0,72.41,0.014,100.0,rain,0.0,0.0,29.1,206.0,1004.7,81.5,106.0,0.4,1.0
2020-07-27T15:00:00,21.1,16.0,72.66,0.0,0.0,,,,44.3,210.9,,83.2,443.6,1.6,4.0
2020-07-27T16:00:00,19.0,15.3,79.51,0.0,0.0,,0.0,0.0,31.8,206.0,1003.5,84.4,94.0,0.3,1.0
2020-07-27T17:00:00,18.9,16.0,83.17,0.0,0.0,,0.0,0.0,30.6,207.0,1002.9,83.5,104.0,0.4,1.0
2020-07-27T18:00:00,19.0,16.4,84.84,0.035,100.0,rain,0.0,0.0,25.4,215.0,1002.7,79.4,85.0,0.3,1.0
2020-07-27T19:00:00,19.8,16.1,79.09,0.0,0.0,,0.0,0.0,28.9,229.0,1002.5,65.6,89.0,0.3,1.0
2020-07-27T20:00:00,19.8,15.9,78.07,0.0,0.0,,0.0,0.0,25.9,233.0,1003.1,48.3,21.0,0.1,0.0
2020-07-27T21:00:00,18.8,15.5,80.99,0.0,0.0,,0.0,0.0,23.3,246.0,1004.0,19.5,15.0,0.1,0.0
2020-07-27T22:00:00,18.3,14.7,79.29,0.014,100.0,rain,0.0,0.0,21.9,260.0,1004.9,68.1,0.0,0.0,0.0
2020-07-27T23:00:00,16.8,14.6,86.6,0.0,0.0,,0.0,0.0,18.5,276.0,1005.8,77.9,0.0,0.0,0.0
2020-07-28T00:00:00,15.0,12.5,85.02,0.0,0.0,,0.0,0.0,14.4,294.0,1006.8,67.7,0.0,0.0,0.0
2020-07-28T01:00:00,14.0,11.1,82.66,0.453,100.0,rain,0.0,0.0,12.6,284.0,1007.5,38.9,0.0,0.0,0.0
2020-07-28T02:00:00,12.0,9.7,86.03,0.0,0.0,,0.0,0.0,9.5,266.0,1008.0,23.2,0.0,0.0,0.0
2020-07-28T03:00:00,11.7,10.1,,0.0,0.0,,0.0,0.0,12.2,247.0,1008.5,0.0,0.0,0.0,0.0
2020-07-28T04:00:00,11.4,10.0,90.87,0.0,0.0,,0.0,,13.1,246.0,1008.9,15.2,0.0,0.0,0.0
2020-07-28T05:00:00,11.8,10.2,89.99,0.0,0.0,,0.0,0.0,15.5,249.0,1009.3,35.4,21.4,0.1,0.0
2020-07-28T06:00:00,12.2,10.7,90.17,0.0,0.0,,0.0,0.0,16.3,257.0,1010.0,71.7,27.0,0.1,0.0
2020-07-28T07:00:00,13.0,11.2,88.76,0.0,0.0,,0.0,0.0,16.6,260.0,1010.4,36.7,168.0,0.6,2.0
2020-07-28T08:00:00,14.6,11.8,83.49,0.0,0.0,,0.0,0.0,20.8,271.0,1010.9,12.8,318.0,1.1,3.0
2020-07-28T09:00:00,15.9,10.8,71.72,0.0,0.0,,0.0,0.0,25.9,274.0,1011.4,30.4,471.0,1.7,5.0
2020-07-28T10:00:00,16.6,9.3,61.82,0.0,0.0,,0.0,0.0,25.4,279.0,1011.8,35.2,464.0,1.7,5.0
2020-07-28T11:00:00,17.6,8.9,56.48,0.0,0.0,,0.0,0.0,26.5,283.0,1012.1,60.2,459.0,1.7,5.0
2020-07-28T12:00:00,17.8,8.4,54.06,0.0,0.0,,0.0,0.0,29.1,280.0,1012.7,76.4,595.0,2.1,6.0
2020-07-28T13:00:00,18.0,8.0,52.05,0.0,0.0,,0.0,0.0,30.0,270.0,1013.1,70.4,231.0,0.8,2.0
2020-07-28T14:00:00,18.8,8.5,51.09,0.0,0.0,,0.0,0.0,28.1,276.0,1013.3,63.1,213.0,0.8,2.0
2020-07-28T15:00:00,18.6,7.9,49.63,0.0,0.0,,0.0,0.0,26.5,282.0,1013.7,77.2,330.0,1.2,3.0
2020-07-28T16:00:00,19.2,7.0,45.03,0.0,0.0,,0.0,0.0,28.4,287.0,1014.1,73.5,179.0,0.6,2.0
2020-07-28T17:00:00,19.6,6.4,42.3,0.0,0.0,,0.0,0.0,25.9,289.0,1014.6,76.6,119.0,0.4,1.0
2020-07-28T18:00:00,18.9,6.3,43.75,0.0,0.0,,0.0,0.0,25.0,291.0,1015.2,86.0,109.0,0.4,1.0
2020-07-28T19:00:00,18.3,6.2,45.19,0.0,0.0,,0.0,0.0,22.8,300.0,1015.7,89.6,87.0,0.3,1.0
2020-07-28T20:00:00,17.1,6.3,48.94,0.0,0.0,,0.0,0.0,20.8,299.0,1016.1,80.4,32.0,0.1,0.0
2020-07-28T21:00:00,15.5,6.5,55.16,0.0,0.0,,0.0,0.0,14.5,302.0,1016.7,42.9,10.0,0.0,0.0
2020-07-28T22:00:00,13.4,6.9,64.69,0.0,0.0,,0.0,0.0,13.1,294.0,1017.6,8.3,0.0,0.0,0.0
2020-07-28T23:00:00,12.2,6.8,69.68,0.0,0.0,,0.0,0.0,11.6,280.0,1018.0,7.2,0.0,0.0,0.0
2020-07-29T00:00:00,10.2,6.5,78.0,0.0,0.0,,0.0,0.0,9.0,264.0,1018.3,0.0,0.0,0.0,0.0
2020-07-29T01:00:00,9.7,7.0,82.9,0.0,0.0,,0.0,0.0,11.7,274.0,1018.5,0.0,0.0,0.0,0.0
2020-07-29T02:00:00,9.7,7.0,83.37,0.0,0.0,,0.0,0.0,11.2,260.0,1018.5,0.0,0.0,0.0,0.0
2020-07-29T03:00:00,9.3,6.8,84.31,0.0,0.0,,0.0,0.0,10.3,240.0,1018.5,0.0,0.0,0.0,0.0
2020-07-29T04:00:00,8.7,6.6,86.63,0.0,0.0,,0.0,0.0,11.1,255.0,1018.5,20.8,0.0,0.0,0.0
2020-07-29T05:00:00,8.8,6.9,87.91,0.0,0.0,,0.0,0.0,11.2,261.0,1018.8,12.9,1.0,0.0,0.0
2020-07-29T06:00:00,9.7,7.7,87.16,0.0,0.0,,0.0,0.0,10.8,253.0,1019.2,90.0,32.0,0.1,0.0
2020-07-29T07:00:00,11.4,8.7,83.01,0.0,0.0,,0.0,0.0,11.9,260.0,1019.5,96.1,122.0,0.4,1.0
2020-07-29T08:00:00,13.5,9.0,74.28,0.0,0.0,,0.0,0.0,14.4,272.0,1019.7,100.0,118.0,0.4,1.0
2020-07-29T09:00:00,15.6,9.3,66.18,0.0,0.0,,0.0,0.0,14.9,283.0,1020.0,87.4,176.0,0.6,2.0
2020-07-29T10:00:00,17.2,8.9,58.09,0.0,0.0,,0.0,0.0,14.3,281.0,1020.3,54.6,392.0,1.4,4.0
2020-07-29T11:00:00,18.1,8.2,52.4,0.0,0.0,,0.0,0.0,19.7,276.0,1020.2,51.2,631.0,2.3,6.0
2020-07-29T12:00:00,19.3,8.2,48.41,0.0,0.0,,,0.0,21.0,263.0,1020.1,51.0,802.0,2.9,8.0
2020-07-29T13:00:00,20.0,8.6,47.79,0.0,0.0,,0.0,0.0,19.3,265.0,1019.9,58.3,781.0,2.8,8.0
2020-07-29T14:00:00,20.1,8.2,46.05,0.0,0.0,,0.0,0.0,17.7,271.0,1019.8,26.1,226.0,0.8,2.0
2020-07-29T15:00:00,21.6,9.0,44.33,0.0,0.0,,0.0,0.0,18.3,266.0,1019.4,47.7,332.0,1.2,3.0
2020-07-29T16:00:00,21.5,8.8,44.21,0.0,0.0,,0.0,0.0,18.2,274.0,1019.3,62.2,226.0,0.8,2.0
2020-07-29T17:00:00,21.4,9.0,44.96,0.0,0.0,,0.0,0.0,14.6,282.0,1018.9,85.4,160.0,0.6,2.0
2020-07-29T18:00:00,20.9,9.7,48.75,0.0,0.0,,0.0,0.0,13.4,260.0,1018.9,64.1,121.0,0.4,1.0
2020-07-29T19:00:00,20.6,9.6,49.48,0.0,0.0,,0.0,0.0,12.8,268.0,1018.7,62.9,77.0,0.3,1.0
2020-07-29T20:00:00,19.7,10.2,54.13,0.0,0.0,,0.0,0.0,8.4,275.0,1018.9,55.1,39.0,0.1,0.0
2020-07-29T21:00:00,18.8,10.6,59.08,0.0,0.0,,0.0,0.0,4.9,293.0,1019.1,63.0,11.0,0.0,0.0
2020-07-29T22:00:00,17.9,10.5,62.0,0.0,0.0,,0.0,0.0,4.9,318.0,1019.4,80.7,0.0,0.0,0.0
2020-07-29T23:00:00,17.0,10.7,66.43,0.0,0.0,,0.0,0.0,3.7,360.0,1019.5,82.2,0.0,0.0,0.0
2020-07-30T00:00:00,16.4,11.2,71.21,0.0,0.0,,0.0,0.0,4.7,217.0,1019.5,84.9,0.0,0.0,0.0
2020-07-30T01:00:00,16.1,11.6,74.73,0.0,0.0,,0.0,0.0,5.2,227.0,1019.5,69.6,0.0,0.0,0.0
2020-07-30T02:00:00,15.8,11.4,74.96,0.0,0.0,,0.0,0.0,4.2,247.0,1019.3,86.0,0.0,0.0,0.0
2020-07-30T03:00:00,15.0,10.9,76.3,0.0,0.0,,0.0,0.0,3.8,255.0,1019.1,28.6,0.0,0.0,0.0
2020-07-30T04:00:00,14.2,10.7,79.44,0.0,0.0,,0.0,0.0,3.2,281.0,1019.0,23.4,0.0,0.0,0.0
2020-07-30T05:00:00,13.6,10.1,79.0,0.0,0.0,,0.0,0.0,1.7,304.0,1019.0,11.8,10.5,0.0,0.0
2020-07-30T06:00:00,13.0,10.2,83.47,0.0,0.0,,0.0,0.0,4.8,195.0,1019.1,13.7,23.0,0.1,0.0
2020-07-30T07:00:00,15.6,12.2,80.04,0.0,0.0,,0.0,0.0,4.3,183.0,1019.2,18.1,157.0,0.6,2.0
2020-07-30T08:00:00,18.0,12.6,70.62,0.0,0.0,,0.0,0.0,7.1,189.0,1019.2,21.9,307.0,1.1,3.0
2020-07-30T09:00:00,19.6,11.8,60.67,0.0,0.0,,0.0,0.0,8.4,175.0,1019.1,13.4,446.0,1.6,4.0
2020-07-30T10:00:00,21.1,11.4,53.77,0.0,0.0,,0.0,0.0,8.3,181.0,1019.3,24.0,576.0,2.1,6.0
2020-07-30T11:00:00,22.2,11.1,49.66,0.0,0.0,,0.0,0.0,9.3,204.0,1019.3,22.4,675.0,2.4,7.0
2020-07-30T12:00:00,23.4,10.9,45.24,0.0,0.0,,0.0,0.0,9.3,192.0,1018.8,21.5,742.0,2.7,7.0
2020-07-30T13:00:00,24.4,10.6,42.01,0.0,0.0,,0.0,0.0,10.6,183.0,1018.4,37.2,714.0,2.6,7.0
2020-07-30T14:00:00,24.9,10.9,41.45,0.0,0.0,,0.0,0.0,12.1,162.0,1017.9,35.9,165.0,0.6,2.0
2020-07-30T15:00:00,25.6,9.9,37.07,0.0,0.0,,0.0,0.0,15.0,154.0,1017.6,33.0,420.0,1.5,4.0
2020-07-30T16:00:00,25.7,10.5,38.44,0.0,0.0,,0.0,0.0,16.4,153.0,1017.4,28.7,97.0,0.3,1.0
2020-07-30T17:00:00,25.2,11.3,41.65,0.0,0.0,,0.0,0.0,20.0,130.0,1016.9,40.0,52.0,0.2,1.0
2020-07-30T18:00:00,24.9,11.1,41.74,0.0,0.0,,0.0,0.0,20.6,139.0,1016.5,7.2,87.0,0.3,1.0
2020-07-30T19:00:00,24.1,10.7,42.87,0.0,0.0,,0.0,0.0,19.1,141.0,1016.3,7.2,138.0,0.5,1.0
2020-07-30T20:00:00,22.3,10.1,46.04,0.0,0.0,,0.0,0.0,16.7,130.0,1016.3,7.2,13.0,0.0,0.0
2020-07-30T21:00:00,19.9,10.0,53.06,0.0,0.0,,0.0,0.0,14.9,128.0,1016.5,,7.0,0.0,0.0
2020-07-30T22:00:00,18.2,11.3,64.15,0.0,0.0,,0.0,0.0,14.7,128.0,1016.7,7.2,0.0,0.0,0.0
2020-07-30T23:00:00,17.3,11.9,70.57,0.0,0.0,,0.0,0.0,12.0,123.0,1016.7,7.2,0.0,0.0,0.0
2020-07-31T00:00:00,16.7,12.5,76.61,0.0,0.0,,0.0,0.0,10.8,122.0,1016.9,0.0,0.0,0.0,0.0
2020-07-31T01:00:00,16.4,12.8,79.13,0.0,0.0,,0.0,0.0,10.7,115.0,1016.6,0.0,0.0,0.0,0.0
2020-07-31T02:00:00,16.3,13.0,80.99,0.0,0.0,,0.0,0.0,11.3,120.0,1016.1,0.0,0.0,0.0,0.0
2020-07-31T03:00:00,16.2,13.1,81.39,0.0,0.0,,,0.0,10.4,119.0,1015.8,0.0,0.0,0.0,0.0
2020-07-31T04:00:00,16.1,13.1,82.21,0.0,0.0,,0.0,0.0,11.0,115.0,1015.1,0.0,0.0,0.0,0.0
2020-07-31T05:00:00,16.2,13.8,85.54,0.0,0.0,,0.0,0.0,11.0,113.0,1014.6,0.0,17.3,0.1,0.0
2020-07-31T06:00:00,16.4,14.0,85.66,0.0,0.0,,0.0,0.0,9.8,113.0,1014.4,0.0,23.0,0.1,0.0
2020-07-31T07:00:00,18.7,15.2,79.84,0.0,0.0,,0.0,0.0,12.7,114.0,1014.1,0.0,155.0,0.6,2.0
2020-07-31T08:00:00,21.2,14.4,65.02,0.0,0.0,,0.0,0.0,19.8,124.0,1013.6,7.2,302.0,1.1,3.0
2020-07-31T09:00:00,23.6,13.6,53.43,0.014,100.0,rain,,0.0,20.4,124.0,1013.4,0.0,432.0,1.6,4.0
2020-07-31T10:00:00,25.3,13.0,46.38,0.0,0.0,,0.0,0.0,22.2,122.0,1013.0,0.0,577.0,2.1,6.0
2020-07-31T11:00:00,26.5,12.5,41.82,0.0,0.0,,0.0,0.0,24.6,127.0,1012.5,0.0,671.0,2.4,7.0
2020-07-31T12:00:00,27.7,11.6,36.9,0.0,0.0,,0.0,0.0,25.4,120.0,1011.8,0.0,733.0,2.6,7.0
2020-07-31T13:00:00,28.7,11.4,34.2,0.0,0.0,,0.0,0.0,25.1,131.0,1011.2,0.0,744.0,2.7,7.0
2020-07-31T14:00:00,29.5,12.0,34.14,0.0,0.0,,0.0,0.0,26.6,122.0,1010.6,0.0,328.0,1.2,3.0
2020-07-31T15:00:00,30.5,12.8,33.95,0.0,0.0,,0.0,0.0,26.3,133.0,1010.2,0.0,413.0,1.5,4.0
2020-07-31T16:00:00,30.8,13.3,34.49,0.0,0.0,,0.0,0.0,25.9,135.0,1009.8,0.0,65.0,0.2,1.0
2020-07-31T17:00:00,30.8,13.7,35.23,0.0,0.0,,0.0,0.0,24.7,132.0,1009.3,0.0,57.0,0.2,1.0
2020-07-31T18:00:00,30.4,14.2,37.13,0.0,0.0,,0.0,0.0,24.8,133.0,1008.7,19.8,88.0,0.3,1.0
2020-07-31T19:00:00,29.8,13.9,38.06,0.0,0.0,,0.0,0.0,18.9,173.0,1008.9,42.1,47.0,0.2,0.0
2020-07-31T20:00:00,26.9,14.2,45.76,0.0,0.0,,0.0,0.0,15.7,186.0,1008.8,55.4,33.0,0.1,0.0
2020-07-31T21:00:00,25.7,15.2,52.53,0.0,0.0,,0.0,0.0,14.3,221.0,1009.4,87.6,20.0,0.1,0.0
2020-07-31T22:00:00,24.9,15.8,57.2,0.0,0.0,,0.0,0.0,15.1,234.0,1009.8,85.7,0.0,0.0,0.0
2020-07-31T23:00:00,23.8,16.0,61.63,0.0,0.0,,0.0,0.0,16.9,253.0,1010.6,75.6,0.0,0.0,0.0
2020-08-01T00:00:00,22.2,15.5,65.99,0.0,0.0,,0.0,0.0,13.1,253.0,1011.5,77.8,0.0,0.0,0.0
2020-08-01T01:00:00,20.5,16.0,75.05,0.0,0.0,,0.0,0.0,10.6,256.0,1012.1,22.0,0.0,0.0,0.0
2020-08-01T02:00:00,19.9,16.3,79.87,0.0,0.0,,0.0,0.0,11.6,255.0,1012.1,73.4,0.0,0.0,0.0
2020-08-01T03:00:00,19.0,16.5,85.16,0.0,0.0,,0.0,0.0,13.0,249.0,1012.1,47.4,0.0,0.0,0.0
2020-08-01T04:00:00,18.9,16.8,87.58,0.0,0.0,,0.0,0.0,13.6,240.0,1012.3,48.6,0.0,0.0,0.0
2020-08-01T05:00:00,18.9,16.4,85.67,0.0,0.0,,0.0,0.0,16.1,254.0,1012.7,74.4,14.6,0.1,0.0
2020-08-01T06:00:00,18.2,15.4,83.59,0.0,0.0,,0.0,0.0,16.2,258.0,1013.3,70.2,13.0,0.0,0.0
2020-08-01T07:00:00,17.3,13.6,78.76,0.0,0.0,,0.0,0.0,16.6,276.0,1013.9,42.6,155.0,0.6,2.0
2020-08-01T08:00:00,18.3,13.1,71.84,0.0,0.0,,0.0,0.0,18.1,281.0,1014.1,11.1,311.0,1.1,3.0
2020-08-01T09:00:00,19.6,13.4,67.36,0.0,0.0,,0.0,0.0,18.7,279.0,1014.2,9.6,372.0,1.3,4.0
2020-08-01T10:00:00,21.1,13.2,60.86,0.0,0.0,,0.0,0.0,19.5,262.0,1014.3,31.8,654.0,2.4,7.0
2020-08-01T11:00:00,21.8,12.9,56.79,0.0,0.0,,0.0,0.0,19.2,260.0,1014.6,39.9,555.0,2.0,6.0
2020-08-01T12:00:00,22.7,12.6,52.74,0.0,0.0,,0.0,0.0,20.7,268.0,1014.6,67.9,530.0,1.9,5.0
2020-08-01T13:00:00,23.1,12.7,51.69,0.0,0.0,,0.0,0.0,19.5,255.0,1014.6,77.6,367.0,1.3,4.0
2020-08-01T14:00:00,23.3,12.7,51.27,0.0,0.0,,0.0,0.0,18.2,258.0,1014.5,87.1,284.0,1.0,3.0
2020-08-01T15:00:00,24.6,12.6,47.01,0.0,0.0,,0.0,0.0,19.7,260.0,1014.4,76.4,249.0,0.9,2.0
2020-08-01T16:00:00,23.9,11.9,46.96,0.0,0.0,,0.0,0.0,17.6,259.0,1014.3,83.6,142.0,0.5,1.0
2020-08-01T17:00:00,24.5,11.4,43.88,0.0,0.0,,0.0,0.0,18.9,260.0,1013.9,37.0,88.0,0.3,1.0
2020-08-01T18:00:00,24.3,11.8,45.54,0.0,0.0,,0.0,0.0,20.8,252.0,1013.7,48.1,125.0,0.5,1.0
2020-08-01T19:00:00,23.3,12.6,51.19,0.0,0.0,,0.0,0.0,17.4,264.0,1013.6,51.2,21.0,0.1,0.0
2020-08-01T20:00:00,22.5,12.9,54.31,0.0,0.0,,0.0,0.0,17.1,268.0,1013.7,29.3,38.0,0.1,0.0
2020-08-01T21:00:00,21.2,12.4,57.26,0.0,0.0,,0.0,0.0,14.4,282.0,1014.2,80.7,21.0,0.1,0.0
2020-08-01T22:00:00,19.7,13.2,66.08,0.0,0.0,,0.0,0.0,13.4,284.0,1014.6,58.8,0.0,0.0,0.0
2020-08-01T23:00:00,18.3,13.5,73.58,0.034,100.0,rain,0.0,0.0,12.5,303.0,1015.0,66.6,0.0,0.0,0.0
2020-08-02T00:00:00,17.4,12.9,74.97,0.0,0.0,,0.0,0.0,12.5,309.0,1015.3,62.9,0.0,0.0,0.0
2020-08-02T01:00:00,16.5,12.2,75.76,0.024,100.0,rain,0.0,0.0,11.4,295.0,1015.3,44.1,0.0,0.0,0.0
2020-08-02T02:00:00,15.5,11.5,76.86,0.0,0.0,,0.0,0.0,10.9,292.0,1015.1,50.5,0.0,0.0,0.0
2020-08-02T03:00:00,15.7,,72.25,0.0,0.0,,0.0,0.0,11.1,283.0,1015.4,85.9,0.0,0.0,0.0
2020-08-02T04:00:00,14.6,10.0,74.01,0.0,0.0,,0.0,0.0,11.8,287.0,1015.4,61.9,0.0,0.0,0.0
2020-08-02T05:00:00,12.4,9.3,81.77,0.0,0.0,,0.0,0.0,11.5,277.0,1015.9,8.1,13.3,0.0,0.0
2020-08-02T06:00:00,11.7,9.1,84.26,0.0,0.0,,0.0,0.0,9.8,272.0,1016.2,9.0,28.0,0.1,0.0
2020-08-02T07:00:00,13.3,9.7,79.25,0.0,0.0,,0.0,0.0,12.9,272.0,1016.4,37.2,149.0,0.5,1.0
2020-08-02T08:00:00,15.1,9.8,70.85,0.0,0.0,,0.0,0.0,16.3,270.0,1016.4,16.1,302.0,1.1,3.0
2020-08-02T09:00:00,16.9,10.1,64.2,0.0,0.0,,0.0,0.0,14.6,268.0,1016.2,3.0,447.0,1.6,4.0
2020-08-02T10:00:00,18.2,9.5,56.8,0.0,0.0,,0.0,0.0,18.8,272.0,1016.2,21.3,373.0,1.3,4.0
2020-08-02T11:00:00,19.7,9.3,51.19,0.0,0.0,,0.0,0.0,19.6,260.0,1016.2,24.9,758.0,2.7,8.0
2020-08-02T12:00:00,20.1,9.0,48.76,0.0,0.0,,0.0,0.0,19.0,257.0,1016.1,50.5,648.0,2.3,6.0
2020-08-02T13:00:00,20.9,9.5,48.36,0.0,0.0,,0.0,0.0,19.8,261.0,1015.9,72.5,721.0,2.6,7.0
2020-08-02T14:00:00,21.5,9.1,44.89,0.0,0.0,,0.0,0.0,18.0,265.0,1015.5,72.7,199.0,0.7,2.0
2020-08-02T15:00:00,22.2,8.6,41.87,0.0,0.0,,0.0,0.0,20.7,264.0,1015.1,49.0,360.0,1.3,4.0
2020-08-02T16:00:00,22.1,8.6,42.05,0.0,0.0,,0.0,0.0,17.0,267.0,1014.8,66.4,143.0,0.5,1.0
2020-08-02T17:00:00,22.4,8.4,40.63,0.0,0.0,,0.0,0.0,20.6,269.0,1014.4,70.9,132.0,0.5,1.0
2020-08-02T18:00:00,21.9,8.1,41.19,0.0,0.0,,0.0,0.0,15.2,280.0,1014.1,71.0,100.0,0.4,1.0
2020-08-02T19:00:00,21.7,8.2,41.93,0.0,0.0,,0.0,0.0,14.0,271.0,1014.0,66.1,89.0,0.3,1.0
2020-08-02T20:00:00,19.7,9.8,52.89,0.0,0.0,,0.0,0.0,10.8,282.0,1014.2,57.4,33.0,0.1,0.0
2020-08-02T21:00:00,18.3,9.7,57.27,0.0,0.0,,0.0,0.0,7.9,311.0,1014.3,60.6,11.0,0.0,0.0
2020-08-02T22:00:00,17.4,9.9,61.59,0.034,100.0,rain,0.0,0.0,7.0,285.0,1014.5,60.3,0.0,0.0,0.0
2020-08-02T23:00:00,16.5,10.5,67.76,0.0,0.0,,0.0,0.0,7.4,299.0,1014.6,54.3,0.0,0.0,0.0
2020-08-03T00:00:00,16.1,11.0,71.72,0.0,0.0,,0.0,0.0,9.9,326.0,1014.6,61.0,0.0,0.0,0.0
2020-08-03T01:00:00,15.1,10.9,76.11,0.073,100.0,rain,0.0,0.0,8.8,312.0,1014.6,53.6,0.0,0.0,0.0
2020-08-03T02:00:00,14.0,10.7,80.29,0.0,0.0,,0.0,0.0,8.7,311.0,1014.4,45.4,0.0,0.0,0.0
2020-08-03T03:00:00,13.7,10.8,82.54,0.0,0.0,,0.0,0.0,11.2,339.0,1014.3,47.3,0.0,0.0,0.0
2020-08-03T04:00:00,13.4,10.6,82.99,0.0,0.0,,0.0,0.0,11.6,341.0,1014.2,80.9,0.0,0.0,0.0
2020-08-03T05:00:00,13.2,10.1,81.79,0.0,0.0,,0.0,0.0,11.8,333.0,1014.3,74.1,4.9,0.0,0.0
2020-08-03T06:00:00,13.0,10.0,81.88,0.0,0.0,,0.0,0.0,11.9,340.0,1014.6,74.3,20.0,0.1,0.0
2020-08-03T07:00:00,12.9,10.1,82.67,0.073,100.0,rain,0.0,0.0,12.3,338.0,1014.8,70.6,38.0,0.1,0.0
2020-08-03T08:00:00,13.7,10.0,78.72,0.0,0.0,,0.0,0.0,11.7,339.0,1015.0,39.3,108.0,0.4,1.0
2020-08-03T09:00:00,16.0,9.4,64.98,0.0,0.0,,0.0,0.0,15.9,341.0,1015.1,32.5,396.0,1.4,4.0
2020-08-03T10:00:00,17.4,8.9,57.47,0.0,0.0,,0.0,0.0,16.7,332.0,1015.3,32.9,559.0,2.0,6.0
2020-08-03T11:00:00,18.4,8.6,52.52,0.0,0.0,,0.0,0.0,16.2,331.0,1015.2,34.2,387.0,1.4,4.0
2020-08-03T12:00:00,19.6,8.4,48.44,0.0,0.0,,0.0,0.0,16.5,321.0,1015.1,33.3,615.0,2.2,6.0
2020-08-03T13:00:00,19.7,7.4,44.91,0.073,100.0,rain,0.0,0.0,13.9,338.0,1015.0,36.2,462.0,1.7,5.0
2020-08-03T14:00:00,19.9,8.0,46.41,0.0,0.0,,0.0,0.0,15.8,329.0,1015.0,72.2,158.0,0.6,2.0
2020-08-03T15:00:00,20.0,7.8,45.21,0.0,0.0,,0.0,0.0,13.4,341.0,1015.0,79.0,267.0,1.0,3.0
2020-08-03T16:00:00,20.1,8.0,45.8,0.0,0.0,,0.0,0.0,13.9,3.0,1014.9,37.3,94.0,0.3,1.0
2020-08-03T17:00:00,19.0,8.7,51.19,0.136,100.0,rain,0.0,0.0,13.5,9.0,1015.1,52.4,119.0,0.4,1.0
2020-08-03T18:00:00,18.5,9.4,55.28,0.0,0.0,,0.0,0.0,17.6,22.0,1015.4,69.2,118.0,0.4,1.0
2020-08-03T19:00:00,17.5,9.3,58.53,0.036,100.0,rain,0.0,0.0,15.4,21.0,1015.7,49.8,62.0,0.2,1.0
2020-08-03T20:00:00,16.6,9.3,61.86,0.0,0.0,,0.0,0.0,12.3,36.0,1016.0,39.2,22.0,0.1,0.0
2020-08-03T21:00:00,15.3,9.8,69.58,0.0,0.0,,0.0,0.0,6.2,98.0,1016.7,48.4,9.0,0.0,0.0
2020-08-03T22:00:00,14.3,10.3,76.9,0.0,0.0,,0.0,0.0,4.9,142.0,1017.1,53.3,180.0,0.6,0.0
2020-08-03T23:00:00,12.9,10.7,86.19,0.0,0.0,,0.0,0.0,4.6,152.0,1017.4,19.9,180.0,0.6,0.0
